,#CHROM,POS,ID,REF,ALT,A1,TEST,OBS_CT,BETA,SE,L95,U95,T_STAT,P,ERRCODE,RSID,GENE_NAME
0,7,26455770,chr7:26455770:G:C,C,G,G,ADD,3782,0.354448,0.0722089,0.212921,0.495975,4.90865,9.55963e-07,.,rs1229674,AC004540.1
1,2,53837360,chr2:53837360:A:G,G,A,A,ADD,3782,-0.35461,0.0730369,-0.49776,-0.21146,-4.85522,1.25141e-06,.,"rs1023600,chr2:53837360:A:G",ASB3
2,9,116565223,chr9:116565223:G:A,G,A,A,ADD,3782,1.38329,0.287453,0.819889,1.94669,4.81221,1.55127e-06,.,rs139015755,intergenic
3,9,116509274,chr9:116509274:A:T,A,T,T,ADD,3782,1.31168,0.27334,0.775942,1.84742,4.79871,1.65893e-06,.,rs78273164,intergenic
4,14,73811823,chr14:73811823:G:A,G,A,A,ADD,3782,-1.59473,0.335218,-2.25174,-0.937713,-4.75728,2.0358e-06,.,rs117678061,NUMB
5,14,43870044,chr14:43870044:A:G,A,G,G,ADD,3782,1.45162,0.308433,0.847105,2.05614,4.70645,2.61145e-06,.,rs144644809,intergenic
6,14,43871003,chr14:43871003:C:G,C,G,G,ADD,3782,1.45162,0.308433,0.847105,2.05614,4.70645,2.61145e-06,.,rs117142188,intergenic
7,14,43872768,chr14:43872768:A:G,A,G,G,ADD,3782,1.45162,0.308433,0.847105,2.05614,4.70645,2.61145e-06,.,rs147791670,intergenic
8,14,43878150,chr14:43878150:T:C,T,C,C,ADD,3782,1.45162,0.308433,0.847105,2.05614,4.70645,2.61145e-06,.,rs138993735,intergenic
9,14,43878311,chr14:43878311:G:C,G,C,C,ADD,3782,1.45162,0.308433,0.847105,2.05614,4.70645,2.61145e-06,.,rs144933412,intergenic
10,14,43879258,chr14:43879258:A:T,A,T,T,ADD,3782,1.45162,0.308433,0.847105,2.05614,4.70645,2.61145e-06,.,rs117488149,intergenic
11,14,43884541,chr14:43884541:T:C,T,C,C,ADD,3782,1.45162,0.308433,0.847105,2.05614,4.70645,2.61145e-06,.,rs151286148,intergenic
12,14,43914446,chr14:43914446:T:C,T,C,C,ADD,3782,1.43711,0.310074,0.829371,2.04484,4.63472,3.69541e-06,.,rs142259839,intergenic
13,14,43915018,chr14:43915018:A:C,A,C,C,ADD,3782,1.43711,0.310074,0.829371,2.04484,4.63472,3.69541e-06,.,rs145240694,intergenic
14,14,43919453,chr14:43919453:C:A,C,A,A,ADD,3782,1.43711,0.310074,0.829371,2.04484,4.63472,3.69541e-06,.,rs149645217,intergenic
15,14,43919650,chr14:43919650:C:T,C,T,T,ADD,3782,1.43711,0.310074,0.829371,2.04484,4.63472,3.69541e-06,.,rs117158130,intergenic
16,14,43921240,chr14:43921240:T:G,T,G,G,ADD,3782,1.43711,0.310074,0.829371,2.04484,4.63472,3.69541e-06,.,rs146471210,intergenic
17,14,43923946,chr14:43923946:C:G,C,G,G,ADD,3782,1.43711,0.310074,0.829371,2.04484,4.63472,3.69541e-06,.,rs142296356,intergenic
18,14,43924016,chr14:43924016:C:T,C,T,T,ADD,3782,1.43711,0.310074,0.829371,2.04484,4.63472,3.69541e-06,.,rs114072167,intergenic
19,14,73948868,chr14:73948868:A:G,A,G,G,ADD,3782,-1.55278,0.335355,-2.21006,-0.895493,-4.63025,3.77556e-06,.,rs117865209,HEATR4
20,3,35262708,chr3:35262708:T:C,T,C,C,ADD,3782,0.58963,0.127944,0.338866,0.840395,4.60852,4.18998e-06,.,rs66709134,intergenic
21,7,70824652,chr7:70824652:C:T,C,T,T,ADD,3782,0.540588,0.117314,0.310657,0.770519,4.60804,4.19949e-06,.,rs62462208,GALNT17
22,20,54866554,chr20:54866554:A:G,A,G,G,ADD,3782,-0.966384,0.210471,-1.3789,-0.553868,-4.59152,4.54411e-06,.,rs6014668,intergenic
23,20,54867185,chr20:54867185:A:T,A,T,T,ADD,3782,-0.966384,0.210471,-1.3789,-0.553868,-4.59152,4.54411e-06,.,rs6014670,intergenic
24,20,54867272,chr20:54867272:A:G,A,G,G,ADD,3782,-0.966384,0.210471,-1.3789,-0.553868,-4.59152,4.54411e-06,.,rs6014671,intergenic
25,20,54872988,chr20:54872988:T:C,T,C,C,ADD,3782,-0.966384,0.210471,-1.3789,-0.553868,-4.59152,4.54411e-06,.,rs6024775,AL139824.1
26,20,54873737,chr20:54873737:C:G,C,G,G,ADD,3782,-0.966384,0.210471,-1.3789,-0.553868,-4.59152,4.54411e-06,.,rs6024776,AL139824.1
27,20,54934067,chr20:54934067:C:T,C,T,T,ADD,3782,-1.17757,0.25653,-1.68037,-0.674784,-4.59039,4.56868e-06,.,rs190100022,FAM210B
28,1,86441553,chr1:86441553:G:A,G,A,A,ADD,3782,-1.28316,0.279924,-1.83181,-0.734522,-4.58396,4.7106e-06,.,rs75449321,COL24A1
29,14,94226655,chr14:94226655:C:A,C,A,A,ADD,3782,0.601304,0.131425,0.343716,0.858891,4.57527,4.90943e-06,.,rs75871122,PRIMA1
30,14,94212810,chr14:94212810:G:T,G,T,T,ADD,3782,0.649955,0.142076,0.371491,0.92842,4.57469,4.92291e-06,.,"rs73338004,chr14:94212810:G:T",PRIMA1
31,14,73783762,chr14:73783762:C:T,C,T,T,ADD,3782,-1.53071,0.335376,-2.18803,-0.873384,-4.56416,5.17518e-06,.,rs142010287,NUMB
32,14,43768049,chr14:43768049:T:C,T,C,C,ADD,3782,1.39314,0.30534,0.794689,1.9916,4.5626,5.21359e-06,.,rs143697668,intergenic
33,14,43780637,chr14:43780637:G:C,G,C,C,ADD,3782,1.39314,0.30534,0.794689,1.9916,4.5626,5.21359e-06,.,rs148543864,AL583809.1
34,14,43783175,chr14:43783175:C:T,C,T,T,ADD,3782,1.39314,0.30534,0.794689,1.9916,4.5626,5.21359e-06,.,rs143502699,AL583809.1
35,14,43791532,chr14:43791532:T:C,T,C,C,ADD,3782,1.39314,0.30534,0.794689,1.9916,4.5626,5.21359e-06,.,rs143101024,intergenic
36,14,43792848,chr14:43792848:G:A,G,A,A,ADD,3782,1.39314,0.30534,0.794689,1.9916,4.5626,5.21359e-06,.,rs139889367,intergenic
37,20,54887180,chr20:54887180:C:T,C,T,T,ADD,3782,-1.32679,0.290993,-1.89712,-0.756451,-4.55951,5.29037e-06,.,rs116032784,intergenic
38,6,149470747,chr6:149470747:A:G,A,G,G,ADD,3782,0.413391,0.0907343,0.235555,0.591227,4.55606,5.37755e-06,.,rs9498231,intergenic
39,6,149471139,chr6:149471139:G:T,G,T,T,ADD,3782,0.413391,0.0907343,0.235555,0.591227,4.55606,5.37755e-06,.,"rs6919716,chr6:149471139:G:T",intergenic
40,6,149477398,chr6:149477398:C:G,C,G,G,ADD,3782,0.413391,0.0907343,0.235555,0.591227,4.55606,5.37755e-06,.,rs9498233,intergenic
41,2,43144930,chr2:43144930:G:A,G,A,A,ADD,3782,0.556495,0.122329,0.316735,0.796255,4.54917,5.5555e-06,.,rs11885979,intergenic
42,7,26456876,chr7:26456876:T:C,C,T,T,ADD,3782,0.348152,0.0767153,0.197793,0.498511,4.53823,5.84994e-06,.,rs1229675,AC004540.1
43,7,26469478,chr7:26469478:C:G,G,C,C,ADD,3782,0.347338,0.0767168,0.196976,0.4977,4.52753,6.15235e-06,.,rs1229687,AC004540.1
44,14,73896157,chr14:73896157:T:C,T,C,C,ADD,3782,-1.50861,0.33339,-2.16204,-0.855178,-4.52506,6.22424e-06,.,"rs78733300,chr14:73896157:T:C","NUMB,AC005280.3"
45,7,26474676,chr7:26474676:C:A,A,C,C,ADD,3782,0.351185,0.0776499,0.198994,0.503375,4.52267,6.29478e-06,.,rs1229690,AC004540.1
46,7,26457271,chr7:26457271:T:C,C,T,T,ADD,3782,0.344681,0.0766818,0.194387,0.494975,4.49495,7.16806e-06,.,rs1229676,AC004540.1
47,7,26468903,chr7:26468903:C:A,A,C,C,ADD,3782,0.344794,0.0767209,0.194424,0.495164,4.49413,7.19552e-06,.,rs1229686,AC004540.1
48,7,26463973,chr7:26463973:A:G,G,A,A,ADD,3782,0.344704,0.0767344,0.194307,0.495101,4.49217,7.26174e-06,.,rs1229682,AC004540.1
49,7,26464830,chr7:26464830:T:C,C,T,T,ADD,3782,0.344704,0.0767344,0.194307,0.495101,4.49217,7.26174e-06,.,rs1229683,AC004540.1
50,7,26466620,chr7:26466620:T:C,C,T,T,ADD,3782,0.344704,0.0767344,0.194307,0.495101,4.49217,7.26174e-06,.,rs1236949,AC004540.1
51,14,43719846,chr14:43719846:G:C,G,C,C,ADD,3782,1.34437,0.299438,0.757483,1.93126,4.48965,7.34775e-06,.,rs140176533,intergenic
52,7,26469714,chr7:26469714:G:C,C,G,G,ADD,3782,0.344639,0.0767692,0.194174,0.495104,4.48929,7.36025e-06,.,rs1229688,AC004540.1
53,12,20012039,chr12:20012039:C:T,C,T,T,ADD,3782,-1.23424,0.274957,-1.77314,-0.695331,-4.48884,7.37571e-06,.,rs567951887,AC024901.1
54,7,26468776,chr7:26468776:A:G,G,A,A,ADD,3782,0.343685,0.0767011,0.193353,0.494016,4.48083,7.65634e-06,.,rs1229685,AC004540.1
55,2,227973095,chr2:227973095:A:T,T,A,A,ADD,3782,0.321664,0.0718043,0.18093,0.462398,4.47973,7.69591e-06,.,rs7600536,COL4A4
56,8,92831969,chr8:92831969:C:T,C,T,T,ADD,3782,1.30851,0.292447,0.735325,1.8817,4.47435,7.89104e-06,.,rs190504160,AC103409.1
57,20,54921689,chr20:54921689:G:A,G,A,A,ADD,3782,-1.15985,0.259533,-1.66852,-0.651171,-4.46898,8.09074e-06,.,"rs117390479,chr20:54921689:G:A",intergenic
58,7,26452982,chr7:26452982:C:G,G,C,C,ADD,3782,0.342617,0.0766997,0.192289,0.492946,4.46699,8.16567e-06,.,rs1229672,AC004540.1
59,14,43809386,chr14:43809386:AAGG:A,AAGG,A,A,ADD,3782,1.38511,0.310135,0.777261,1.99297,4.46617,8.19714e-06,.,rs199870519,intergenic
60,14,43813840,chr14:43813840:T:A,T,A,A,ADD,3782,1.38511,0.310135,0.777261,1.99297,4.46617,8.19714e-06,.,rs145528036,intergenic
61,14,43816615,chr14:43816615:TA:T,TA,T,T,ADD,3782,1.38511,0.310135,0.777261,1.99297,4.46617,8.19714e-06,.,rs533216344,intergenic
62,14,43824507,chr14:43824507:CTGAA:C,CTGAA,C,C,ADD,3782,1.38511,0.310135,0.777261,1.99297,4.46617,8.19714e-06,.,rs201711006,intergenic
63,14,43824741,chr14:43824741:T:C,T,C,C,ADD,3782,1.38511,0.310135,0.777261,1.99297,4.46617,8.19714e-06,.,rs146486307,intergenic
64,14,43832205,chr14:43832205:A:AAT,A,AAT,AAT,ADD,3782,1.38511,0.310135,0.777261,1.99297,4.46617,8.19714e-06,.,rs202109713,intergenic
65,14,43834019,chr14:43834019:C:A,C,A,A,ADD,3782,1.38511,0.310135,0.777261,1.99297,4.46617,8.19714e-06,.,rs142702717,intergenic
66,14,43834138,chr14:43834138:C:A,C,A,A,ADD,3782,1.38511,0.310135,0.777261,1.99297,4.46617,8.19714e-06,.,rs140736003,intergenic
67,14,43834500,chr14:43834500:C:A,C,A,A,ADD,3782,1.38511,0.310135,0.777261,1.99297,4.46617,8.19714e-06,.,rs147807872,intergenic
68,14,43834618,chr14:43834618:C:T,C,T,T,ADD,3782,1.38511,0.310135,0.777261,1.99297,4.46617,8.19714e-06,.,rs141225677,intergenic
69,14,43838112,chr14:43838112:G:A,G,A,A,ADD,3782,1.38511,0.310135,0.777261,1.99297,4.46617,8.19714e-06,.,rs117085269,intergenic
70,14,43838326,chr14:43838326:G:C,G,C,C,ADD,3782,1.38511,0.310135,0.777261,1.99297,4.46617,8.19714e-06,.,rs116849505,intergenic
71,14,43851108,chr14:43851108:AG:A,AG,A,A,ADD,3782,1.38511,0.310135,0.777261,1.99297,4.46617,8.19714e-06,.,rs200028418,intergenic
72,14,43852411,chr14:43852411:G:A,G,A,A,ADD,3782,1.38511,0.310135,0.777261,1.99297,4.46617,8.19714e-06,.,rs137855822,intergenic
73,14,43855007,chr14:43855007:A:T,A,T,T,ADD,3782,1.38511,0.310135,0.777261,1.99297,4.46617,8.19714e-06,.,rs117029699,intergenic
74,14,43855356,chr14:43855356:C:A,C,A,A,ADD,3782,1.38511,0.310135,0.777261,1.99297,4.46617,8.19714e-06,.,rs142321343,intergenic
75,14,43856199,chr14:43856199:T:TA,T,TA,TA,ADD,3782,1.38511,0.310135,0.777261,1.99297,4.46617,8.19714e-06,.,rs199947653,intergenic
76,14,43875827,chr14:43875827:C:G,C,G,G,ADD,3782,1.38511,0.310135,0.777261,1.99297,4.46617,8.19714e-06,.,rs145175007,intergenic
77,14,43878506,chr14:43878506:C:G,C,G,G,ADD,3782,1.38511,0.310135,0.777261,1.99297,4.46617,8.19714e-06,.,rs143783948,intergenic
78,14,43879651,chr14:43879651:G:A,G,A,A,ADD,3782,1.38511,0.310135,0.777261,1.99297,4.46617,8.19714e-06,.,rs117138506,intergenic
79,14,43881228,chr14:43881228:G:A,G,A,A,ADD,3782,1.38511,0.310135,0.777261,1.99297,4.46617,8.19714e-06,.,rs142207938,intergenic
80,14,43882874,chr14:43882874:G:A,G,A,A,ADD,3782,1.38511,0.310135,0.777261,1.99297,4.46617,8.19714e-06,.,rs118132691,intergenic
81,14,43919967,chr14:43919967:C:T,C,T,T,ADD,3782,1.38509,0.310145,0.777217,1.99296,4.46595,8.20557e-06,.,rs118085086,intergenic
82,7,26462580,chr7:26462580:C:T,T,C,C,ADD,3782,0.342636,0.0767521,0.192204,0.493067,4.46418,8.27299e-06,.,rs1229680,AC004540.1
83,13,111082157,chr13:111082157:C:A,A,C,C,ADD,3782,-0.340551,0.0764099,-0.490311,-0.19079,-4.45689,8.55786e-06,.,rs3929758,COL4A2
84,2,27896200,chr2:27896200:C:CT,CT,C,C,ADD,3782,0.887348,0.199506,0.496322,1.27837,4.44772,8.92955e-06,.,rs11395333,SLC4A1AP
85,18,42166029,chr18:42166029:G:T,G,T,T,ADD,3782,0.421878,0.0950331,0.235616,0.608139,4.43927,9.28527e-06,.,rs62103380,intergenic
86,7,83263087,chr7:83263087:A:G,A,G,G,ADD,3782,0.821914,0.185345,0.458646,1.18518,4.43452,9.49125e-06,.,rs3801576,SEMA3E
87,4,180942301,chr4:180942301:C:T,C,T,T,ADD,3782,0.734194,0.165894,0.409048,1.05934,4.42569,9.88605e-06,.,rs72707613,AC108169.1
88,6,149459775,chr6:149459775:G:A,G,A,A,ADD,3782,0.403286,0.0911574,0.224621,0.581951,4.42406,9.96043e-06,.,rs34824101,intergenic
89,7,108043394,chr7:108043394:TAC:T,TAC,T,T,ADD,3782,-0.469601,0.106151,-0.677653,-0.261548,-4.42389,9.96835e-06,.,rs34345132,NRCAM
90,20,54889058,chr20:54889058:A:G,A,G,G,ADD,3782,-1.30429,0.295267,-1.883,-0.725579,-4.41733,1.02738e-05,.,rs117023901,intergenic
91,20,54889876,chr20:54889876:G:C,G,C,C,ADD,3782,-1.30429,0.295267,-1.883,-0.725579,-4.41733,1.02738e-05,.,rs148610342,intergenic
92,20,54890967,chr20:54890967:G:A,G,A,A,ADD,3782,-1.30429,0.295267,-1.883,-0.725579,-4.41733,1.02738e-05,.,rs117524318,intergenic
93,20,54899503,chr20:54899503:C:A,C,A,A,ADD,3782,-1.30429,0.295267,-1.883,-0.725579,-4.41733,1.02738e-05,.,rs142708587,intergenic
94,20,54899590,chr20:54899590:C:T,C,T,T,ADD,3782,-1.30429,0.295267,-1.883,-0.725579,-4.41733,1.02738e-05,.,rs116915986,intergenic
95,20,54901470,chr20:54901470:C:A,C,A,A,ADD,3782,-1.30429,0.295267,-1.883,-0.725579,-4.41733,1.02738e-05,.,rs117733575,intergenic
96,20,54901698,chr20:54901698:A:G,A,G,G,ADD,3782,-1.30429,0.295267,-1.883,-0.725579,-4.41733,1.02738e-05,.,rs117903765,intergenic
97,20,54902449,chr20:54902449:C:T,C,T,T,ADD,3782,-1.30429,0.295267,-1.883,-0.725579,-4.41733,1.02738e-05,.,rs117341427,intergenic
98,20,54905410,chr20:54905410:G:A,G,A,A,ADD,3782,-1.30429,0.295267,-1.883,-0.725579,-4.41733,1.02738e-05,.,rs141294667,intergenic
99,20,54910286,chr20:54910286:G:A,G,A,A,ADD,3782,-1.30429,0.295267,-1.883,-0.725579,-4.41733,1.02738e-05,.,rs140048111,intergenic
