,#CHROM,POS,ID,REF,ALT,A1,FIRTH?,TEST,OBS_CT,OR,LOG(OR)_SE,L95,U95,Z_STAT,P,ERRCODE,RSID,GENE_NAME
0,10,30731348,chr10:30731348:A:C,A,C,C,N,ADD,2871,3.10742,0.228882,1.98416,4.86659,4.95362,7.28448e-07,.,rs8177055,MAP3K8
1,4,136554217,chr4:136554217:G:A,G,A,A,N,ADD,2871,2.39315,0.181924,1.67539,3.41841,4.79657,1.61408e-06,.,rs143247970,intergenic
2,4,136491447,chr4:136491447:T:C,T,C,C,N,ADD,2871,2.43026,0.186503,1.68617,3.50271,4.76129,1.92357e-06,.,rs146791788,intergenic
3,1,158168221,chr1:158168221:G:T,G,T,T,N,ADD,2871,1.41725,0.0735706,1.22694,1.63708,4.73995,2.13774e-06,.,rs1748376,AL138899.1
4,3,18112620,chr3:18112620:C:T,C,T,T,N,ADD,2871,1.61753,0.101579,1.32553,1.97386,4.73425,2.19868e-06,.,rs1355724,TBC1D5
5,1,5716760,chr1:5716760:G:A,G,A,A,N,ADD,2871,2.38156,0.184326,1.65944,3.4179,4.70772,2.50503e-06,.,rs139983049,AL365255.1
6,12,19936989,chr12:19936989:T:C,T,C,C,N,ADD,2871,1.48432,0.0847191,1.25723,1.75243,4.66195,3.13234e-06,.,rs61918494,AC024901.1
7,8,21550554,chr8:21550554:GT:G,GT,G,G,N,ADD,2871,3.4819,0.268574,2.05686,5.89422,4.64519,3.39765e-06,.,rs202169431,GFRA2
8,18,23594774,chr18:23594774:A:C,A,C,C,N,ADD,2871,2.70271,0.214451,1.77525,4.11472,4.63628,3.54727e-06,.,rs79332247,intergenic
9,12,19943781,chr12:19943781:T:A,T,A,A,N,ADD,2871,1.53744,0.0933482,1.28038,1.8461,4.60765,4.07245e-06,.,rs2731606,AC024901.1
10,2,138443588,chr2:138443588:T:C,T,C,C,N,ADD,2871,1.96642,0.147207,1.47358,2.62409,4.59363,4.35601e-06,.,rs146859539,intergenic
11,2,138444155,chr2:138444155:G:A,G,A,A,N,ADD,2871,1.95777,0.146328,1.46963,2.60805,4.59111,4.40895e-06,.,rs59274246,intergenic
12,12,19943068,chr12:19943068:A:G,A,G,G,N,ADD,2871,1.53233,0.09317,1.27657,1.83932,4.58074,4.63345e-06,.,rs2731628,AC024901.1
13,4,173899444,chr4:173899444:G:A,A,G,G,N,ADD,2871,0.685278,0.0826521,0.582791,0.805787,-4.57256,4.8181e-06,.,rs3855584,GALNTL6
14,4,173911496,chr4:173911496:A:G,G,A,A,N,ADD,2871,0.68554,0.0826454,0.583022,0.806085,-4.56829,4.91719e-06,.,rs4574385,GALNTL6
15,1,158165179,chr1:158165179:G:GTT,G,GTT,GTT,N,ADD,2871,1.39541,0.0732372,1.20882,1.6108,4.54947,5.37822e-06,.,rs562742558,intergenic
16,1,158158597,chr1:158158597:C:T,C,T,T,N,ADD,2871,1.39619,0.0733607,1.20921,1.61209,4.54942,5.37951e-06,.,rs1690769,intergenic
17,4,173895238,chr4:173895238:C:T,T,C,C,N,ADD,2871,0.686159,0.0828253,0.583343,0.807097,-4.54747,5.42941e-06,.,rs3864171,GALNTL6
18,1,158160719,chr1:158160719:TATAAGA:T,TATAAGA,T,T,N,ADD,2871,1.39434,0.0732711,1.20781,1.60967,4.53687,5.70959e-06,.,rs5778070,intergenic
19,1,158162770,chr1:158162770:T:C,T,C,C,N,ADD,2871,1.39434,0.0732711,1.20781,1.60967,4.53687,5.70959e-06,.,rs1633124,intergenic
20,1,158162835,chr1:158162835:A:T,A,T,T,N,ADD,2871,1.39434,0.0732711,1.20781,1.60967,4.53687,5.70959e-06,.,rs1748370,intergenic
21,1,158165367,chr1:158165367:T:A,T,A,A,N,ADD,2871,1.39434,0.0732711,1.20781,1.60967,4.53687,5.70959e-06,.,rs75037519,intergenic
22,2,138446047,chr2:138446047:T:A,T,A,A,N,ADD,2871,1.93317,0.14544,1.45368,2.5708,4.53217,5.83809e-06,.,rs112925085,intergenic
23,2,138430064,chr2:138430064:A:G,A,G,G,N,ADD,2871,1.9755,0.150223,1.47166,2.65184,4.53207,5.84088e-06,.,rs59205118,THSD7B
24,1,158165356,chr1:158165356:AT:A,AT,A,A,N,ADD,2871,1.39371,0.0732618,1.20729,1.60892,4.53132,5.86172e-06,.,rs66697811,intergenic
25,2,138443018,chr2:138443018:T:A,T,A,A,N,ADD,2871,1.92144,0.144469,1.44762,2.55035,4.52054,6.16813e-06,.,rs148509782,intergenic
26,1,158158898,chr1:158158898:C:T,C,T,T,N,ADD,2871,1.39267,0.0733716,1.20613,1.60806,4.51435,6.35105e-06,.,rs1748362,intergenic
27,1,158160528,chr1:158160528:G:A,G,A,A,N,ADD,2871,1.39204,0.0733579,1.20562,1.60729,4.50901,6.5132e-06,.,rs973742,intergenic
28,1,158160982,chr1:158160982:T:C,T,C,C,N,ADD,2871,1.39204,0.0733579,1.20562,1.60729,4.50901,6.5132e-06,.,rs1748365,intergenic
29,1,158161450,chr1:158161450:C:A,C,A,A,N,ADD,2871,1.39204,0.0733579,1.20562,1.60729,4.50901,6.5132e-06,.,rs1690771,intergenic
30,1,158161498,chr1:158161498:G:A,G,A,A,N,ADD,2871,1.39204,0.0733579,1.20562,1.60729,4.50901,6.5132e-06,.,rs1690772,intergenic
31,1,158161512,chr1:158161512:T:C,T,C,C,N,ADD,2871,1.39204,0.0733579,1.20562,1.60729,4.50901,6.5132e-06,.,rs1633123,intergenic
32,1,158161621,chr1:158161621:A:G,A,G,G,N,ADD,2871,1.39204,0.0733579,1.20562,1.60729,4.50901,6.5132e-06,.,rs1748366,intergenic
33,1,158162439,chr1:158162439:C:T,C,T,T,N,ADD,2871,1.39204,0.0733579,1.20562,1.60729,4.50901,6.5132e-06,.,rs1748368,intergenic
34,1,158163055,chr1:158163055:C:T,C,T,T,N,ADD,2871,1.39204,0.0733579,1.20562,1.60729,4.50901,6.5132e-06,.,rs1690773,intergenic
35,1,158163180,chr1:158163180:T:C,T,C,C,N,ADD,2871,1.39204,0.0733579,1.20562,1.60729,4.50901,6.5132e-06,.,rs1633125,intergenic
36,1,158163427,chr1:158163427:G:C,G,C,C,N,ADD,2871,1.39204,0.0733579,1.20562,1.60729,4.50901,6.5132e-06,.,rs1748371,intergenic
37,1,158163628,chr1:158163628:G:C,G,C,C,N,ADD,2871,1.39204,0.0733579,1.20562,1.60729,4.50901,6.5132e-06,.,rs1748372,intergenic
38,1,158163759,chr1:158163759:C:T,C,T,T,N,ADD,2871,1.39204,0.0733579,1.20562,1.60729,4.50901,6.5132e-06,.,rs1748373,intergenic
39,1,158163803,chr1:158163803:T:C,T,C,C,N,ADD,2871,1.39204,0.0733579,1.20562,1.60729,4.50901,6.5132e-06,.,rs1748374,intergenic
40,1,158163921,chr1:158163921:C:T,C,T,T,N,ADD,2871,1.39204,0.0733579,1.20562,1.60729,4.50901,6.5132e-06,.,rs1690774,intergenic
41,1,158164246,chr1:158164246:T:C,T,C,C,N,ADD,2871,1.39204,0.0733579,1.20562,1.60729,4.50901,6.5132e-06,.,rs1633126,intergenic
42,1,158165578,chr1:158165578:G:A,G,A,A,N,ADD,2871,1.39057,0.0731323,1.20488,1.60489,4.50848,6.52932e-06,.,rs1633127,AL138899.2
43,1,158165601,chr1:158165601:T:C,T,C,C,N,ADD,2871,1.39057,0.0731323,1.20488,1.60489,4.50848,6.52932e-06,.,rs1633128,AL138899.2
44,1,158165722,chr1:158165722:G:A,G,A,A,N,ADD,2871,1.39057,0.0731323,1.20488,1.60489,4.50848,6.52932e-06,.,rs1633129,AL138899.2
45,1,158165742,chr1:158165742:A:T,A,T,T,N,ADD,2871,1.39057,0.0731323,1.20488,1.60489,4.50848,6.52932e-06,.,rs1633130,AL138899.2
46,1,158165938,chr1:158165938:A:C,A,C,C,N,ADD,2871,1.39057,0.0731323,1.20488,1.60489,4.50848,6.52932e-06,.,rs1633131,intergenic
47,1,158165984,chr1:158165984:C:T,C,T,T,N,ADD,2871,1.39057,0.0731323,1.20488,1.60489,4.50848,6.52932e-06,.,rs1633132,intergenic
48,1,158166114,chr1:158166114:C:G,C,G,G,N,ADD,2871,1.39057,0.0731323,1.20488,1.60489,4.50848,6.52932e-06,.,rs1690776,intergenic
49,1,158166255,chr1:158166255:T:A,T,A,A,N,ADD,2871,1.39057,0.0731323,1.20488,1.60489,4.50848,6.52932e-06,.,rs1633133,intergenic
50,1,158166260,chr1:158166260:G:T,G,T,T,N,ADD,2871,1.39057,0.0731323,1.20488,1.60489,4.50848,6.52932e-06,.,rs1629495,intergenic
51,1,158166831,chr1:158166831:A:C,A,C,C,N,ADD,2871,1.39057,0.0731323,1.20488,1.60489,4.50848,6.52932e-06,.,rs1633134,intergenic
52,1,158167156,chr1:158167156:A:G,A,G,G,N,ADD,2871,1.39057,0.0731323,1.20488,1.60489,4.50848,6.52932e-06,.,rs1690777,intergenic
53,1,158167760,chr1:158167760:A:T,A,T,T,N,ADD,2871,1.39057,0.0731323,1.20488,1.60489,4.50848,6.52932e-06,.,rs1690778,AL138899.1
54,1,158167889,chr1:158167889:T:C,T,C,C,N,ADD,2871,1.39057,0.0731323,1.20488,1.60489,4.50848,6.52932e-06,.,rs1690779,AL138899.1
55,6,131974983,chr6:131974983:T:C,T,C,C,N,ADD,2871,0.558026,0.129531,0.43291,0.719302,-4.50356,6.68255e-06,.,rs12665245,ENPP3
56,1,158159793,chr1:158159793:T:C,T,C,C,N,ADD,2871,1.39021,0.0733226,1.20411,1.60506,4.49318,7.01668e-06,.,rs1633122,intergenic
57,1,158159368,chr1:158159368:G:A,G,A,A,N,ADD,2871,1.39005,0.0733617,1.20389,1.60501,4.48928,7.14627e-06,.,rs1619547,intergenic
58,1,158159381,chr1:158159381:T:C,T,C,C,N,ADD,2871,1.39005,0.0733617,1.20389,1.60501,4.48928,7.14627e-06,.,rs1633121,intergenic
59,19,56761795,chr19:56761795:C:T,C,T,T,N,ADD,2871,3.21419,0.260275,1.92986,5.35325,4.48593,7.2595e-06,.,rs10420275,ZSCAN5A
60,1,158159238,chr1:158159238:C:T,C,T,T,N,ADD,2871,1.38852,0.0732601,1.2028,1.60292,4.48044,7.44891e-06,.,rs1618045,intergenic
61,1,158159245,chr1:158159245:A:G,A,G,G,N,ADD,2871,1.38833,0.0732566,1.20265,1.60269,4.47883,7.50519e-06,.,rs1618053,intergenic
62,1,158164466,chr1:158164466:C:T,C,T,T,N,ADD,2871,1.38819,0.0733789,1.20223,1.60291,4.46997,7.82321e-06,.,rs1748375,intergenic
63,1,158164697,chr1:158164697:C:T,C,T,T,N,ADD,2871,1.38819,0.0733789,1.20223,1.60291,4.46997,7.82321e-06,.,rs1627504,intergenic
64,1,158164800,chr1:158164800:A:G,A,G,G,N,ADD,2871,1.38819,0.0733789,1.20223,1.60291,4.46997,7.82321e-06,.,rs1628370,intergenic
65,1,158164992,chr1:158164992:T:A,T,A,A,N,ADD,2871,1.38819,0.0733789,1.20223,1.60291,4.46997,7.82321e-06,.,rs1630031,intergenic
66,1,158165004,chr1:158165004:A:G,A,G,G,N,ADD,2871,1.38819,0.0733789,1.20223,1.60291,4.46997,7.82321e-06,.,rs1630058,intergenic
67,1,158165341,chr1:158165341:C:T,C,T,T,N,ADD,2871,1.38673,0.0731524,1.20151,1.60052,4.46946,7.84158e-06,.,rs1690775,intergenic
68,2,138444482,chr2:138444482:T:A,T,A,A,N,ADD,2871,1.91696,0.145798,1.44049,2.55103,4.46329,8.07116e-06,.,rs11901396,intergenic
69,16,79400539,chr16:79400539:G:C,G,C,C,N,ADD,2871,2.36582,0.193376,1.6195,3.45608,4.45311,8.4634e-06,.,rs115596622,intergenic
70,12,2950987,chr12:2950987:T:C,C,T,T,N,ADD,2871,0.71052,0.0767726,0.611262,0.825895,-4.45158,8.52423e-06,.,rs4766001,ITFG2
71,1,158159209,chr1:158159209:A:G,A,G,G,N,ADD,2871,1.38501,0.0731726,1.19997,1.59859,4.45124,8.5377e-06,.,rs1617972,intergenic
72,1,158159213,chr1:158159213:T:A,T,A,A,N,ADD,2871,1.38501,0.0731726,1.19997,1.59859,4.45124,8.5377e-06,.,rs1617977,intergenic
73,2,138430313,chr2:138430313:A:G,A,G,G,N,ADD,2871,1.95258,0.150807,1.45292,2.62408,4.43713,9.11652e-06,.,rs57374424,THSD7B
74,2,138431065,chr2:138431065:T:G,T,G,G,N,ADD,2871,1.95258,0.150807,1.45292,2.62408,4.43713,9.11652e-06,.,rs57463395,THSD7B
75,3,18084427,chr3:18084427:A:G,A,G,G,N,ADD,2871,1.54034,0.0974266,1.27258,1.86443,4.43413,9.24466e-06,.,rs9846000,TBC1D5
76,3,18084743,chr3:18084743:C:T,C,T,T,N,ADD,2871,1.54034,0.0974266,1.27258,1.86443,4.43413,9.24466e-06,.,rs9809015,TBC1D5
77,8,5571704,chr8:5571704:G:T,G,T,T,N,ADD,2871,0.541937,0.138443,0.413148,0.710872,-4.42498,9.64534e-06,.,rs7825013,intergenic
