,#CHROM,POS,ID,REF,ALT,A1,TEST,OBS_CT,BETA,SE,L95,U95,T_STAT,P,ERRCODE,RSID,GENE_NAME,Probability
104,10,12505925,chr10:12505925:C:T,C,T,T,ADD,3025,-0.368828,0.0829829,-0.531472,-0.206185,-4.44463,9.12269e-06,.,rs7081583,CAMK1D,2.492329569106115e-06
108,11,63885704,chr11:63885704:C:T,T,C,C,ADD,3025,-0.400006,0.0901922,-0.576779,-0.223233,-4.43504,9.53566e-06,.,rs677447,"AP006333.1,MACROD1",2.3928208296003925e-06
110,14,35466584,chr14:35466584:T:G,T,G,G,ADD,3025,0.424462,0.0957407,0.236814,0.61211,4.43345,9.60576e-06,.,rs876144,SRP54,2.270054888607858e-06
111,14,35471354,chr14:35471354:G:A,G,A,A,ADD,3025,0.424462,0.0957407,0.236814,0.61211,4.43345,9.60576e-06,.,rs61989479,SRP54,2.270054888607858e-06
112,14,35472126,chr14:35472126:A:G,A,G,G,ADD,3025,0.424462,0.0957407,0.236814,0.61211,4.43345,9.60576e-06,.,rs12882986,SRP54,2.270054888607858e-06
126,11,1844896,chr11:1844896:C:T,C,T,T,ADD,3025,0.450749,0.101742,0.251338,0.65016,4.4303,9.74629e-06,.,rs11041302,intergenic,2.1660913568173384e-06
125,11,1844594,chr11:1844594:C:T,C,T,T,ADD,3025,0.450749,0.101742,0.251338,0.65016,4.4303,9.74629e-06,.,rs869587,intergenic,2.1660913568173384e-06
124,11,1844221,chr11:1844221:G:A,G,A,A,ADD,3025,0.450749,0.101742,0.251338,0.65016,4.4303,9.74629e-06,.,rs17247136,intergenic,2.1660913568173384e-06
107,8,27930619,chr8:27930619:A:G,A,G,G,ADD,3025,0.47293,0.106594,0.26401,0.68185,4.43674,9.46101e-06,.,rs13273894,NUGGC,2.009410964047632e-06
102,11,1836097,chr11:1836097:G:A,G,A,A,ADD,3025,0.452921,0.101841,0.253317,0.652525,4.44735,9.00888e-06,.,rs4515944,intergenic,2.006516797698933e-06
106,8,27930362,chr8:27930362:A:T,A,T,T,ADD,3025,0.473568,0.106613,0.264611,0.682526,4.44194,9.23696e-06,.,rs13273028,NUGGC,1.9632621182481187e-06
100,11,1849248,chr11:1849248:C:T,C,T,T,ADD,3025,0.454151,0.101957,0.254318,0.653984,4.45432,8.72288e-06,.,rs17247318,intergenic,1.9427183455794506e-06
99,11,1846972,chr11:1846972:G:A,G,A,A,ADD,3025,0.45349,0.101713,0.254135,0.652844,4.45851,8.55525e-06,.,rs17247254,intergenic,1.9113805588017967e-06
86,11,63892301,chr11:63892301:T:C,C,T,T,ADD,3025,-0.405239,0.090252,-0.582129,-0.228348,-4.49008,7.38745e-06,.,rs683686,MACROD1,1.8704437555371325e-06
85,11,63888272,chr11:63888272:C:T,T,C,C,ADD,3025,-0.405239,0.090252,-0.582129,-0.228348,-4.49008,7.38745e-06,.,rs634854,MACROD1,1.8704437555371325e-06
90,7,121169330,chr7:121169330:G:T,G,T,T,ADD,3025,-0.419155,0.0934513,-0.602316,-0.235994,-4.48528,7.55474e-06,.,rs73717388,intergenic,1.8457924031362144e-06
92,14,35458745,chr14:35458745:T:A,T,A,A,ADD,3025,0.429563,0.095824,0.241752,0.617375,4.48284,7.6412e-06,.,rs799482,SRP54,1.819926487791377e-06
93,14,35459680,chr14:35459680:A:G,A,G,G,ADD,3025,0.429563,0.095824,0.241752,0.617375,4.48284,7.6412e-06,.,rs799481,SRP54,1.819926487791377e-06
94,14,35462870,chr14:35462870:C:T,C,T,T,ADD,3025,0.429563,0.095824,0.241752,0.617375,4.48284,7.6412e-06,.,rs799496,SRP54,1.819926487791377e-06
91,14,35456995,chr14:35456995:A:G,A,G,G,ADD,3025,0.429563,0.095824,0.241752,0.617375,4.48284,7.6412e-06,.,rs1738799,SRP54,1.819926487791377e-06
82,11,63884027,chr11:63884027:C:T,T,C,C,ADD,3025,-0.406337,0.0901881,-0.583102,-0.229571,-4.50544,6.87622e-06,.,rs614035,"AP006333.1,MACROD1",1.7468550914145784e-06
81,11,63883169,chr11:63883169:C:A,A,C,C,ADD,3025,-0.406337,0.0901881,-0.583102,-0.229571,-4.50544,6.87622e-06,.,rs643243,"AP006333.1,MACROD1",1.7468550914145784e-06
80,11,63882020,chr11:63882020:CATGGATGG:C,C,CATGGATGG,CATGGATGG,ADD,3025,-0.406612,0.0901224,-0.583249,-0.229976,-4.51178,6.67509e-06,.,rs139254051,"AP006333.1,MACROD1",1.6988978979069049e-06
87,11,1847189,chr11:1847189:G:A,G,A,A,ADD,3025,0.456558,0.101722,0.257187,0.65593,4.48829,7.44947e-06,.,rs11041318,intergenic,1.6729379845277922e-06
88,8,27924451,chr8:27924451:T:G,T,G,G,ADD,3025,0.467107,0.10409,0.263093,0.67112,4.48751,7.47662e-06,.,rs13252640,NUGGC,1.6404770012941111e-06
89,8,27924924,chr8:27924924:T:C,T,C,C,ADD,3025,0.467107,0.10409,0.263093,0.67112,4.48751,7.47662e-06,.,rs17408912,NUGGC,1.6404770012941111e-06
84,11,1849349,chr11:1849349:G:A,G,A,A,ADD,3025,0.458791,0.101959,0.258956,0.658627,4.49977,7.06067e-06,.,rs72843914,intergenic,1.585209198149955e-06
78,14,35462019,chr14:35462019:C:T,C,T,T,ADD,3025,0.433248,0.0959299,0.245229,0.621268,4.5163,6.53508e-06,.,rs799494,SRP54,1.5637942679107252e-06
75,11,63887508,chr11:63887508:T:C,C,T,T,ADD,3025,-0.408986,0.0901651,-0.585707,-0.232266,-4.53597,5.95832e-06,.,rs598436,MACROD1,1.5220545003861919e-06
72,11,63887671,chr11:63887671:A:G,G,A,A,ADD,3025,-0.410121,0.0901652,-0.586842,-0.233401,-4.54855,5.61531e-06,.,rs647833,MACROD1,1.4374991595121824e-06
71,11,63886539,chr11:63886539:C:T,T,C,C,ADD,3025,-0.410326,0.0901674,-0.587051,-0.233601,-4.55071,5.55837e-06,.,rs663149,"AP006333.2,AP006333.1,MACROD1",1.4233904009065416e-06
70,11,63881283,chr11:63881283:A:G,G,A,A,ADD,3025,-0.410326,0.0901674,-0.587051,-0.233601,-4.55071,5.55837e-06,.,rs62644043,"AP006333.1,MACROD1",1.4233904009065416e-06
69,11,63880725,chr11:63880725:C:T,T,C,C,ADD,3025,-0.410326,0.0901674,-0.587051,-0.233601,-4.55071,5.55837e-06,.,rs693984,"AP006333.1,MACROD1",1.4233904009065416e-06
68,11,63880397,chr11:63880397:G:A,A,G,G,ADD,3025,-0.410326,0.0901674,-0.587051,-0.233601,-4.55071,5.55837e-06,.,rs663889,"AP006333.1,MACROD1",1.4233904009065416e-06
66,7,121173197,chr7:121173197:AT:A,AT,A,A,ADD,3025,-0.425434,0.0933526,-0.608402,-0.242466,-4.55728,5.38855e-06,.,rs111749394,intergenic,1.3343160243862593e-06
95,4,180961142,chr4:180961142:T:A,T,A,A,ADD,3025,0.651507,0.145647,0.366044,0.936969,4.4732,7.99166e-06,.,rs78585506,AC108169.1,1.250191621078942e-06
79,7,78520514,chr7:78520514:T:C,T,C,C,ADD,3025,0.60151,0.133317,0.340213,0.862807,4.51187,6.67222e-06,.,rs145334411,MAGI2,1.1479254333062014e-06
58,22,34137267,chr22:34137267:T:C,T,C,C,ADD,3025,-0.399646,0.0863382,-0.568866,-0.230426,-4.62885,3.83285e-06,.,rs239332,"LARGE-AS1,LARGE1",1.0385640626704524e-06
76,5,117876450,chr5:117876450:T:C,T,C,C,ADD,3025,0.632091,0.139422,0.358828,0.905353,4.53365,6.02384e-06,.,rs138767398,LINC02208,9.947094141462396e-07
109,4,131299456,chr4:131299456:T:C,T,C,C,ADD,3025,-0.973911,0.219595,-1.40431,-0.543512,-4.43503,9.53632e-06,.,rs2136413,LINC02479,9.82813523075526e-07
65,7,78523064,chr7:78523064:G:C,G,C,C,ADD,3025,0.608405,0.133293,0.347155,0.869655,4.56441,5.21002e-06,.,rs111296157,MAGI2,9.045659328439883e-07
101,4,131303592,chr4:131303592:A:C,A,C,C,ADD,3025,-0.984605,0.221053,-1.41786,-0.55135,-4.45416,8.72924e-06,.,rs59151819,LINC02479,8.967681583806922e-07
67,4,180918447,chr4:180918447:C:A,C,A,A,ADD,3025,0.654346,0.143779,0.372545,0.936148,4.55106,5.54942e-06,.,rs78510084,AC108169.1,8.912615829356357e-07
51,22,34131681,chr22:34131681:T:G,T,G,G,ADD,3025,-0.403725,0.086496,-0.573254,-0.234196,-4.66755,3.18146e-06,.,rs45774,"LARGE-AS1,LARGE1",8.659438574541533e-07
97,4,131302681,chr4:131302681:G:A,G,A,A,ADD,3025,-0.986304,0.220551,-1.41858,-0.554032,-4.472,8.03631e-06,.,rs61493083,LINC02479,8.300138619720654e-07
96,4,131302473,chr4:131302473:G:C,G,C,C,ADD,3025,-0.986304,0.220551,-1.41858,-0.554032,-4.472,8.03631e-06,.,rs74701828,LINC02479,8.300138619720654e-07
74,1,49084794,chr1:49084794:T:C,T,C,C,ADD,3025,0.796586,0.175572,0.452471,1.1407,4.53708,5.92723e-06,.,rs76448740,AGBL4,7.776830213715613e-07
60,7,78525452,chr7:78525452:G:T,G,T,T,ADD,3025,0.617213,0.134025,0.354528,0.879898,4.6052,4.2918e-06,.,rs73144917,MAGI2,7.461788752809595e-07
118,6,6552063,chr6:6552063:T:C,T,C,C,ADD,3025,1.38878,0.313386,0.774557,2.00301,4.43154,9.6907e-06,.,rs76068620,LY86-AS1,6.994467583073539e-07
113,6,6548806,chr6:6548806:TGA:T,TGA,T,T,ADD,3025,1.38878,0.313386,0.774557,2.00301,4.43154,9.6907e-06,.,rs59102872,LY86-AS1,6.994467583073539e-07
114,6,6549030,chr6:6549030:A:G,A,G,G,ADD,3025,1.38878,0.313386,0.774557,2.00301,4.43154,9.6907e-06,.,rs61587780,LY86-AS1,6.994467583073539e-07
115,6,6551121,chr6:6551121:C:T,C,T,T,ADD,3025,1.38878,0.313386,0.774557,2.00301,4.43154,9.6907e-06,.,rs59848546,LY86-AS1,6.994467583073539e-07
116,6,6551763,chr6:6551763:C:T,C,T,T,ADD,3025,1.38878,0.313386,0.774557,2.00301,4.43154,9.6907e-06,.,rs17142295,LY86-AS1,6.994467583073539e-07
117,6,6551911,chr6:6551911:G:T,G,T,T,ADD,3025,1.38878,0.313386,0.774557,2.00301,4.43154,9.6907e-06,.,rs17142298,LY86-AS1,6.994467583073539e-07
123,6,6553787,chr6:6553787:G:C,G,C,C,ADD,3025,1.38878,0.313386,0.774557,2.00301,4.43154,9.6907e-06,.,rs6906648,LY86-AS1,6.994467583073539e-07
119,6,6552188,chr6:6552188:G:T,G,T,T,ADD,3025,1.38878,0.313386,0.774557,2.00301,4.43154,9.6907e-06,.,rs74889270,LY86-AS1,6.994467583073539e-07
120,6,6553485,chr6:6553485:AAAGAG:A,AAAGAG,A,A,ADD,3025,1.38878,0.313386,0.774557,2.00301,4.43154,9.6907e-06,.,rs150211828,LY86-AS1,6.994467583073539e-07
122,6,6553709,chr6:6553709:A:G,A,G,G,ADD,3025,1.38878,0.313386,0.774557,2.00301,4.43154,9.6907e-06,.,rs76844569,LY86-AS1,6.994467583073539e-07
121,6,6553590,chr6:6553590:G:A,G,A,A,ADD,3025,1.38878,0.313386,0.774557,2.00301,4.43154,9.6907e-06,.,rs76999790,LY86-AS1,6.994467583073539e-07
105,6,6545464,chr6:6545464:A:T,A,T,T,ADD,3025,1.37579,0.30968,0.768824,1.98275,4.44261,9.20834e-06,.,rs79998337,LY86-AS1,6.738411340022551e-07
57,7,78514243,chr7:78514243:C:A,C,A,A,ADD,3025,0.618422,0.133513,0.356742,0.880102,4.63194,3.77643e-06,.,rs7790077,MAGI2,6.620927437629098e-07
55,7,78517523,chr7:78517523:T:C,T,C,C,ADD,3025,0.619595,0.133732,0.357485,0.881705,4.63311,3.75523e-06,.,rs7801273,MAGI2,6.57386710931239e-07
56,7,78518070,chr7:78518070:G:C,G,C,C,ADD,3025,0.619595,0.133732,0.357485,0.881705,4.63311,3.75523e-06,.,rs112323932,MAGI2,6.57386710931239e-07
52,16,78231979,chr16:78231979:G:A,G,A,A,ADD,3025,0.563661,0.120905,0.326691,0.800631,4.662,3.26792e-06,.,rs889420,WWOX,6.357224740811157e-07
103,6,6524857,chr6:6524857:T:C,T,C,C,ADD,3025,1.43493,0.322676,0.802499,2.06737,4.44698,9.02435e-06,.,rs4959386,LY86-AS1,6.343171466461344e-07
77,19,46318312,chr19:46318312:C:T,C,T,T,ADD,3025,1.01954,0.225118,0.578319,1.46077,4.52892,6.15915e-06,.,rs45598433,RSPH6A,6.294255818503451e-07
53,7,78514783,chr7:78514783:G:A,G,A,A,ADD,3025,0.621522,0.133817,0.359246,0.883798,4.64458,3.55402e-06,.,rs73144911,MAGI2,6.229637792364928e-07
98,18,34081165,chr18:34081165:G:C,G,C,C,ADD,3025,1.35539,0.303369,0.760794,1.94998,4.46778,8.1951e-06,.,rs7236945,FHOD3,6.148777908137091e-07
50,6,87674251,chr6:87674251:TTCTC:T,TTCTC,T,T,ADD,3025,0.570565,0.121869,0.331706,0.809424,4.68178,2.96991e-06,.,rs144536149,HTR1E,5.75039753444281e-07
83,1,35227162,chr1:35227162:C:T,C,T,T,ADD,3025,1.26552,0.280928,0.71491,1.81613,4.50478,6.89743e-06,.,rs9426009,"GJB4,AL121988.1,SMIM12",5.62462052430258e-07
49,6,87683087,chr6:87683087:T:G,T,G,G,ADD,3025,0.577695,0.123136,0.336353,0.819036,4.69153,2.83277e-06,.,rs73753629,HTR1E,5.437518877212641e-07
47,6,87680273,chr6:87680273:G:A,G,A,A,ADD,3025,0.577695,0.123136,0.336353,0.819036,4.69153,2.83277e-06,.,rs61267551,"RPL7P29,HTR1E",5.437518877212641e-07
48,6,87681347,chr6:87681347:G:A,G,A,A,ADD,3025,0.577695,0.123136,0.336353,0.819036,4.69153,2.83277e-06,.,rs73753624,HTR1E,5.437518877212641e-07
54,10,95093731,chr10:95093731:G:A,G,A,A,ADD,3025,0.892771,0.192498,0.515481,1.27006,4.63782,3.67141e-06,.,rs141948438,MYOF,4.4683577663548406e-07
73,6,6554710,chr6:6554710:T:C,T,C,C,ADD,3025,1.41097,0.310636,0.802139,2.01981,4.54221,5.78592e-06,.,rs1033449,LY86-AS1,4.2947449017028833e-07
64,6,6546949,chr6:6546949:C:T,C,T,T,ADD,3025,1.42729,0.312092,0.815604,2.03898,4.57331,4.99484e-06,.,rs78669000,LY86-AS1,3.709743547238189e-07
59,5,117219815,chr5:117219815:A:G,A,G,G,ADD,3025,1.36522,0.296318,0.784448,1.94599,4.60728,4.24944e-06,.,rs62378045,LINC02147,3.342919189220456e-07
63,6,6535483,chr6:6535483:T:G,T,G,G,ADD,3025,1.47351,0.320965,0.844428,2.10259,4.59087,4.59516e-06,.,rs3748055,"CNN3P1,LY86-AS1",3.3280823867168483e-07
46,14,55648911,chr14:55648911:C:T,C,T,T,ADD,3025,1.05467,0.224421,0.614816,1.49453,4.69952,2.7249e-06,.,rs150062273,DLGAP5,2.873540433842435e-07
62,14,83259295,chr14:83259295:G:T,G,T,T,ADD,3025,1.67073,0.363147,0.958977,2.38249,4.6007,4.38488e-06,.,rs150236961,AL355095.1,2.811644135373703e-07
61,5,61989999,chr5:61989999:G:T,G,T,T,ADD,3025,1.68554,0.366117,0.967964,2.40312,4.60383,4.31992e-06,.,rs114839543,intergenic,2.7489509500320433e-07
39,11,1837691,chr11:1837691:A:G,A,G,G,ADD,3025,0.408905,0.0831698,0.245895,0.571915,4.91651,9.28273e-07,.,rs11041266,intergenic,2.731584244478201e-07
38,11,1837080,chr11:1837080:T:G,T,G,G,ADD,3025,0.408905,0.0831698,0.245895,0.571915,4.91651,9.28273e-07,.,rs16927578,intergenic,2.731584244478201e-07
36,11,1833193,chr11:1833193:T:C,T,C,C,ADD,3025,0.40968,0.0832606,0.246492,0.572867,4.92045,9.09933e-07,.,rs10839743,intergenic,2.676152770199811e-07
37,11,1836208,chr11:1836208:T:G,T,G,G,ADD,3025,0.40968,0.0832606,0.246492,0.572867,4.92045,9.09933e-07,.,rs2139976,intergenic,2.676152770199811e-07
45,14,55794549,chr14:55794549:G:A,G,A,A,ADD,3025,1.05523,0.22373,0.616724,1.49373,4.71652,2.50852e-06,.,rs145453560,"FBXO34,AL158801.3",2.660486569319029e-07
35,11,1832636,chr11:1832636:T:A,T,A,A,ADD,3025,0.409739,0.0832383,0.246595,0.572883,4.92248,9.00638e-07,.,rs11041232,intergenic,2.650298199374021e-07
34,11,1837135,chr11:1837135:A:G,A,G,G,ADD,3025,0.409477,0.0831757,0.246455,0.572498,4.92304,8.98088e-07,.,rs10458927,intergenic,2.6450587298368195e-07
33,11,1837050,chr11:1837050:A:G,A,G,G,ADD,3025,0.41034,0.0832876,0.2471,0.573581,4.92679,8.81164e-07,.,rs17835310,intergenic,2.5932014911727143e-07
41,7,78462096,chr7:78462096:A:C,A,C,C,ADD,3025,0.633739,0.130189,0.378573,0.888905,4.86784,1.1865e-06,.,rs113886669,MAGI2,2.2141758185700665e-07
32,11,1831436,chr11:1831436:T:C,T,C,C,ADD,3025,0.413417,0.0832803,0.250191,0.576644,4.96417,7.28436e-07,.,rs11041226,intergenic,2.155714447535963e-07
44,6,6554921,chr6:6554921:T:C,T,C,C,ADD,3025,1.26841,0.268286,0.742577,1.79424,4.72782,2.37382e-06,.,rs10485086,LY86-AS1,2.103412589966108e-07
40,7,78468543,chr7:78468543:C:T,C,T,T,ADD,3025,0.639789,0.130882,0.383265,0.896313,4.88828,1.07056e-06,.,rs73137287,MAGI2,1.993342837156512e-07
42,14,55685344,chr14:55685344:C:G,C,G,G,ADD,3025,1.07734,0.225388,0.635586,1.51909,4.77992,1.83786e-06,.,rs145637297,intergenic,1.9543926316226405e-07
43,14,55686670,chr14:55686670:A:G,A,G,G,ADD,3025,1.07734,0.225388,0.635586,1.51909,4.77992,1.83786e-06,.,rs151300397,intergenic,1.9543926316226405e-07
25,11,1840954,chr11:1840954:C:T,C,T,T,ADD,3025,0.417951,0.083389,0.254512,0.58139,5.01207,5.69668e-07,.,rs7481661,intergenic,1.695340312658828e-07
10,11,1844550,chr11:1844550:C:A,C,A,A,ADD,3025,0.422001,0.0833615,0.258616,0.585387,5.0623,4.39171e-07,.,rs869586,intergenic,1.3167418998378085e-07
31,7,78479732,chr7:78479732:C:T,C,T,T,ADD,3025,0.651975,0.130665,0.395877,0.908073,4.98968,6.39186e-07,.,rs73143027,MAGI2,1.2101702826208044e-07
30,7,78479384,chr7:78479384:T:C,T,C,C,ADD,3025,0.651975,0.130665,0.395877,0.908073,4.98968,6.39186e-07,.,rs17390355,MAGI2,1.2101702826208044e-07
29,7,78474634,chr7:78474634:A:G,A,G,G,ADD,3025,0.651975,0.130665,0.395877,0.908073,4.98968,6.39186e-07,.,rs6951989,MAGI2,1.2101702826208044e-07
28,7,78474434,chr7:78474434:A:G,A,G,G,ADD,3025,0.651975,0.130665,0.395877,0.908073,4.98968,6.39186e-07,.,rs6951658,MAGI2,1.2101702826208044e-07
27,7,78469638,chr7:78469638:T:C,T,C,C,ADD,3025,0.651975,0.130665,0.395877,0.908073,4.98968,6.39186e-07,.,rs17455327,MAGI2,1.2101702826208044e-07
6,11,1845920,chr11:1845920:C:G,C,G,G,ADD,3025,0.424973,0.0833773,0.261556,0.588389,5.09699,3.6646e-07,.,rs7930994,intergenic,1.1038223000958088e-07
26,7,78461166,chr7:78461166:C:T,C,T,T,ADD,3025,0.662428,0.13224,0.403242,0.921614,5.00928,5.77916e-07,.,rs73137258,MAGI2,1.0840457819793835e-07
23,7,78501805,chr7:78501805:A:G,A,G,G,ADD,3025,0.656605,0.130785,0.400271,0.912939,5.02048,5.45461e-07,.,rs73143059,MAGI2,1.0362096649579967e-07
15,7,78486327,chr7:78486327:G:A,G,A,A,ADD,3025,0.656605,0.130785,0.400271,0.912939,5.02048,5.45461e-07,.,rs142475793,MAGI2,1.0362096649579967e-07
24,7,78504838,chr7:78504838:T:C,T,C,C,ADD,3025,0.656605,0.130785,0.400271,0.912939,5.02048,5.45461e-07,.,rs73143070,MAGI2,1.0362096649579967e-07
11,7,78472503,chr7:78472503:T:C,T,C,C,ADD,3025,0.656605,0.130785,0.400271,0.912939,5.02048,5.45461e-07,.,rs73137294,MAGI2,1.0362096649579967e-07
12,7,78482899,chr7:78482899:C:T,C,T,T,ADD,3025,0.656605,0.130785,0.400271,0.912939,5.02048,5.45461e-07,.,rs117038961,MAGI2,1.0362096649579967e-07
22,7,78500502,chr7:78500502:C:T,C,T,T,ADD,3025,0.656605,0.130785,0.400271,0.912939,5.02048,5.45461e-07,.,rs150944644,MAGI2,1.0362096649579967e-07
14,7,78484930,chr7:78484930:A:G,A,G,G,ADD,3025,0.656605,0.130785,0.400271,0.912939,5.02048,5.45461e-07,.,rs141650299,MAGI2,1.0362096649579967e-07
13,7,78484313,chr7:78484313:C:T,C,T,T,ADD,3025,0.656605,0.130785,0.400271,0.912939,5.02048,5.45461e-07,.,rs6957268,MAGI2,1.0362096649579967e-07
16,7,78488499,chr7:78488499:C:T,C,T,T,ADD,3025,0.656605,0.130785,0.400271,0.912939,5.02048,5.45461e-07,.,rs111922753,MAGI2,1.0362096649579967e-07
17,7,78492050,chr7:78492050:G:C,G,C,C,ADD,3025,0.656605,0.130785,0.400271,0.912939,5.02048,5.45461e-07,.,rs73143039,MAGI2,1.0362096649579967e-07
18,7,78492107,chr7:78492107:G:A,G,A,A,ADD,3025,0.656605,0.130785,0.400271,0.912939,5.02048,5.45461e-07,.,rs73143040,MAGI2,1.0362096649579967e-07
19,7,78494960,chr7:78494960:A:G,A,G,G,ADD,3025,0.656605,0.130785,0.400271,0.912939,5.02048,5.45461e-07,.,rs73143043,MAGI2,1.0362096649579967e-07
20,7,78498316,chr7:78498316:G:A,G,A,A,ADD,3025,0.656605,0.130785,0.400271,0.912939,5.02048,5.45461e-07,.,rs138002846,MAGI2,1.0362096649579967e-07
21,7,78499447,chr7:78499447:A:G,A,G,G,ADD,3025,0.656605,0.130785,0.400271,0.912939,5.02048,5.45461e-07,.,rs73143055,MAGI2,1.0362096649579967e-07
4,11,1840922,chr11:1840922:G:C,G,C,C,ADD,3025,0.427896,0.0832973,0.264637,0.591156,5.13698,2.97017e-07,.,rs11041289,intergenic,9.004409891390233e-08
9,7,78510769,chr7:78510769:A:T,A,T,T,ADD,3025,0.663655,0.130845,0.407203,0.920107,5.07206,4.17421e-07,.,rs113459111,MAGI2,7.983820591916719e-08
8,7,78509543,chr7:78509543:T:C,T,C,C,ADD,3025,0.663655,0.130845,0.407203,0.920107,5.07206,4.17421e-07,.,rs73143084,MAGI2,7.983820591916719e-08
7,7,78513786,chr7:78513786:C:T,C,T,T,ADD,3025,0.664348,0.130977,0.407638,0.921057,5.07226,4.16993e-07,.,rs7789403,MAGI2,7.968523440713491e-08
3,7,78499757,chr7:78499757:A:G,G,A,A,ADD,3025,0.660014,0.127233,0.410643,0.909386,5.18745,2.27337e-07,.,rs521851,MAGI2,4.542931291475912e-08
5,3,9311207,chr3:9311207:T:C,T,C,C,ADD,3025,0.924973,0.180587,0.57103,1.27892,5.12204,3.21315e-07,.,rs2648507,SRGAP3,4.484117959018738e-08
2,1,177711279,chr1:177711279:A:G,A,G,G,ADD,3025,1.22163,0.23322,0.764533,1.67874,5.23813,1.73401e-07,.,rs61813497,AL136114.1,1.90321099902865e-08
1,1,177724614,chr1:177724614:T:A,T,A,A,ADD,3025,1.28032,0.234844,0.820037,1.74061,5.45179,5.39006e-08,.,rs61813512,AL136114.1,6.03175567268487e-09
0,4,180942301,chr4:180942301:C:T,C,T,T,ADD,3025,1.11084,0.19141,0.73568,1.48599,5.80344,7.17375e-09,.,rs72707613,AC108169.1,1.0227340357123648e-09
