,#CHROM,POS,ID,REF,ALT,A1,FIRTH?,TEST,OBS_CT,OR,LOG(OR)_SE,L95,U95,Z_STAT,P,ERRCODE,RSID,GENE_NAME,Probability
40,4,97570279,chr4:97570279:C:T,C,T,T,N,ADD,4520,0.820146,0.0448252,0.751166,0.89546,-4.42325,9.72256e-06,.,rs4296683,LINC02267,5.072641147868531e-06
38,4,97575919,chr4:97575919:C:T,C,T,T,N,ADD,4520,0.819894,0.0448431,0.750909,0.895217,-4.42833,9.49668e-06,.,rs28544332,LINC02267,4.957886151399094e-06
45,3,106853412,chr3:106853412:T:G,G,T,T,N,ADD,4520,0.808799,0.0480383,0.736123,0.88865,-4.41741,9.98904e-06,.,rs9871009,LINC00882,4.857133421874156e-06
44,3,106863355,chr3:106863355:A:G,G,A,A,N,ADD,4520,0.808749,0.0480476,0.736064,0.888612,-4.41784,9.96935e-06,.,rs6767609,LINC00882,4.8469773682310405e-06
43,3,106880787,chr3:106880787:C:T,T,C,C,N,ADD,4520,0.808863,0.0480031,0.736232,0.888659,-4.419,9.91571e-06,.,rs2204685,LINC00882,4.82666877341763e-06
36,4,97564338,chr4:97564338:A:C,A,C,C,N,ADD,4520,0.819485,0.0448205,0.750567,0.894731,-4.4417,8.92505e-06,.,rs10004936,LINC02267,4.674806211263826e-06
35,4,97580006,chr4:97580006:A:G,A,G,G,N,ADD,4520,0.819284,0.0448627,0.750321,0.894585,-4.44299,8.87185e-06,.,rs11732038,LINC02267,4.643721189387371e-06
34,4,97574732,chr4:97574732:A:AC,A,AC,AC,N,ADD,4520,0.819646,0.0447433,0.750828,0.894771,-4.44499,8.78978e-06,.,rs113130511,LINC02267,4.6149132749835375e-06
23,4,97594494,chr4:97594494:T:A,T,A,A,N,ADD,4520,0.816742,0.0453439,0.747288,0.892651,-4.46438,8.03002e-06,.,rs4699534,LINC02267,4.1769579828619605e-06
30,3,106883305,chr3:106883305:C:T,T,C,C,N,ADD,4520,0.807286,0.0480275,0.734761,0.886969,-4.4574,8.29602e-06,.,rs1609286,LINC00882,4.0682878765274535e-06
29,3,106881884,chr3:106881884:G:A,A,G,G,N,ADD,4520,0.807286,0.0480275,0.734761,0.886969,-4.4574,8.29602e-06,.,rs7618613,LINC00882,4.0682878765274535e-06
27,3,106882775,chr3:106882775:C:G,G,C,C,N,ADD,4520,0.807253,0.0480094,0.734758,0.886902,-4.45992,8.1991e-06,.,rs9846321,LINC00882,4.024349975187554e-06
28,3,106883587,chr3:106883587:T:C,C,T,T,N,ADD,4520,0.807253,0.0480094,0.734758,0.886902,-4.45992,8.1991e-06,.,rs1609285,LINC00882,4.024349975187554e-06
25,3,106850545,chr3:106850545:C:T,T,C,C,N,ADD,4520,0.80706,0.0480361,0.734543,0.886735,-4.46243,8.10371e-06,.,rs2399130,LINC00882,3.977326708174853e-06
24,3,106849597,chr3:106849597:C:T,T,C,C,N,ADD,4520,0.80706,0.0480361,0.734543,0.886735,-4.46243,8.10371e-06,.,rs9830097,LINC00882,3.977326708174853e-06
26,3,106850665,chr3:106850665:T:C,C,T,T,N,ADD,4520,0.80706,0.0480361,0.734543,0.886735,-4.46243,8.10371e-06,.,rs1881312,LINC00882,3.977326708174853e-06
22,3,106843254,chr3:106843254:A:C,C,A,A,N,ADD,4520,0.806914,0.0480374,0.734408,0.886577,-4.46607,7.96693e-06,.,rs7629307,LINC00882,3.91311230716553e-06
21,3,106858363,chr3:106858363:A:T,T,A,A,N,ADD,4520,0.80685,0.0480427,0.734343,0.886517,-4.46722,7.92445e-06,.,rs1358478,LINC00882,3.892634189410912e-06
16,4,97594012,chr4:97594012:A:G,A,G,G,N,ADD,4520,0.815819,0.0453893,0.746377,0.891721,-4.48482,7.29746e-06,.,rs4232866,LINC02267,3.8080682321732178e-06
18,3,106909940,chr3:106909940:T:C,C,T,T,N,ADD,4520,0.808794,0.0474078,0.737029,0.887548,-4.47628,7.59543e-06,.,rs1547589,LINC00882,3.788141669339227e-06
17,3,106843892,chr3:106843892:A:G,G,A,A,N,ADD,4520,0.806531,0.0480333,0.734066,0.88615,-4.47633,7.59373e-06,.,rs1528307,LINC00882,3.7379751489878133e-06
41,10,3198884,chr10:3198884:CACAA:C,CACAA,C,C,N,ADD,4520,1.31844,0.0625004,1.16643,1.49026,4.42316,9.72673e-06,.,rs142121511,"PITRM1,PITRM1-AS1",3.639544966145624e-06
10,4,97592753,chr4:97592753:C:T,C,T,T,N,ADD,4520,0.814802,0.0453968,0.745436,0.890623,-4.51156,6.4354e-06,.,rs28445269,LINC02267,3.3759462077167997e-06
11,4,97592957,chr4:97592957:C:T,C,T,T,N,ADD,4520,0.814802,0.0453968,0.745436,0.890623,-4.51156,6.4354e-06,.,rs4295339,LINC02267,3.3759462077167997e-06
31,2,217474780,chr2:217474780:C:T,T,C,C,N,ADD,4520,0.768572,0.0590817,0.684533,0.862929,-4.4552,8.38147e-06,.,rs6739658,AC073321.1,3.339694588085844e-06
13,22,28104062,chr22:28104062:G:A,A,G,G,N,ADD,4520,1.24157,0.047973,1.13015,1.36397,4.5104,6.47047e-06,.,rs6005581,"AL121885.3,AL121885.2",3.211415512408491e-06
12,22,28104051,chr22:28104051:G:A,A,G,G,N,ADD,4520,1.24157,0.047973,1.13015,1.36397,4.5104,6.47047e-06,.,rs6005580,"AL121885.3,AL121885.2",3.211415512408491e-06
9,3,106868256,chr3:106868256:A:T,T,A,A,N,ADD,4520,0.806405,0.0475923,0.734586,0.885246,-4.52108,6.15242e-06,.,rs79141142,LINC00882,3.084690111608704e-06
19,10,3186701,chr10:3186701:A:AAAAAT,A,AAAAAT,AAAAAT,N,ADD,4520,1.32086,0.0622641,1.16911,1.4923,4.46937,7.84488e-06,.,rs150074614,"PITRM1,PITRM1-AS1,AL451164.2",2.974825448808818e-06
39,5,143631127,chr5:143631127:C:A,C,A,A,N,ADD,4520,1.45434,0.0846019,1.23212,1.71664,4.42724,9.5447e-06,.,rs116735059,KCTD16,2.64063938513974e-06
7,3,106866983,chr3:106866983:C:G,G,C,C,N,ADD,4520,0.804768,0.047635,0.733033,0.883523,-4.5597,5.12264e-06,.,rs4408869,LINC00882,2.5862398803534615e-06
5,3,106865437,chr3:106865437:G:C,C,G,G,N,ADD,4520,0.804326,0.0476146,0.73266,0.883002,-4.5732,4.80337e-06,.,rs7643234,LINC00882,2.4326628101597813e-06
4,3,106906227,chr3:106906227:G:A,A,G,G,N,ADD,4520,0.804086,0.047447,0.732682,0.882449,-4.59564,4.3143e-06,.,rs1609283,LINC00882,2.202599926974311e-06
42,16,75261095,chr16:75261095:A:C,A,C,C,N,ADD,4520,0.612701,0.110831,0.493071,0.761356,-4.42007,9.86689e-06,.,rs11538267,AC009078.2,2.080668948599441e-06
20,16,75241813,chr16:75241813:T:C,T,C,C,N,ADD,4520,0.606489,0.111913,0.487037,0.755238,-4.46836,7.88223e-06,.,rs11642025,intergenic,1.662568112296764e-06
3,8,91934714,chr8:91934714:A:ATTTTTT,ATTTTTT,A,A,N,ADD,4520,0.815576,0.043588,0.748794,0.888314,-4.67699,2.91118e-06,.,rs577951495,NECAB1,1.644285915672519e-06
32,14,49650527,chr14:49650527:A:G,A,G,G,N,ADD,4520,0.567321,0.127491,0.441885,0.728365,-4.44606,8.74614e-06,.,rs144517891,intergenic,1.6119349763179976e-06
15,5,172197581,chr5:172197581:G:C,G,C,C,N,ADD,4520,1.66934,0.114226,1.3345,2.08821,4.48613,7.25275e-06,.,rs34507926,"DUSP1,AC022217.4",1.5043272958390733e-06
33,8,137283400,chr8:137283400:G:A,G,A,A,N,ADD,4520,1.83934,0.137068,1.40601,2.40622,4.44602,8.74772e-06,.,rs62528665,"AC023781.1,LINC02055",1.4995752191635858e-06
8,14,95362515,chr14:95362515:G:T,G,T,T,N,ADD,4520,0.639996,0.0983767,0.527763,0.776097,-4.53657,5.71758e-06,.,rs74928096,intergenic,1.3912023768594344e-06
2,1,84172930,chr1:84172930:A:G,A,G,G,N,ADD,4520,1.26863,0.0507096,1.14861,1.4012,4.69216,2.70329e-06,.,rs7414950,LINC01725,1.3164097736799076e-06
1,1,41876805,chr1:41876805:C:CT,CT,C,C,N,ADD,4520,0.813688,0.043563,0.747097,0.886215,-4.73287,2.21373e-06,.,rs569853444,intergenic,1.2648693093433917e-06
37,8,98921160,chr8:98921160:C:T,C,T,T,N,ADD,4520,0.446998,0.181734,0.31305,0.638261,-4.43065,9.39516e-06,.,rs144803951,MATN2,1.2108619386087777e-06
14,14,85441441,chr14:85441441:A:G,A,G,G,N,ADD,4520,0.489979,0.158938,0.35883,0.66906,-4.48851,7.17243e-06,.,rs117795367,intergenic,1.0696496712736628e-06
6,14,49715534,chr14:49715534:G:C,G,C,C,N,ADD,4520,0.555125,0.129032,0.431081,0.714863,-4.56137,5.08217e-06,.,rs145466834,intergenic,9.475248949822933e-07
0,5,168513184,chr5:168513184:G:T,G,T,T,N,ADD,4520,1.48432,0.0806466,1.2673,1.7385,4.89738,9.71246e-07,.,rs296009,SLIT3,3.0942642593415917e-07
