,Gene_set,Term,Overlap,P-value,Adjusted P-value,Old P-value,Old Adjusted P-value,Odds Ratio,Combined Score,Genes
0,GO_Biological_Process_2018,positive regulation of icosanoid secretion (GO:0032305),1/6,0.0062841913325394,0.0675936380569313,0,0,199.74,1012.6254955871668,PLA2R1
32,GO_Biological_Process_2018,"regulation of DNA damage response, signal transduction by p53 class mediator (GO:0043516)",1/25,0.0259370936730085,0.0675936380569313,0,0,41.57291666666666,151.8276651730302,PLA2R1
31,GO_Biological_Process_2018,in utero embryonic development (GO:0001701),1/25,0.0259370936730085,0.0675936380569313,0,0,41.57291666666666,151.8276651730302,PTPRR
30,GO_Biological_Process_2018,regulation of chemotaxis (GO:0050920),1/24,0.0249120249496479,0.0675936380569313,0,0,43.38260869565217,160.18614661402282,ZSWIM6
28,GO_Biological_Process_2018,chromosome condensation (GO:0030261),1/23,0.0238859289927226,0.0675936380569313,0,0,45.35681818181818,169.38348350725923,DFFB
27,GO_Biological_Process_2018,apoptotic nuclear changes (GO:0030262),1/23,0.0238859289927226,0.0675936380569313,0,0,45.35681818181818,169.38348350725923,DFFB
26,GO_Biological_Process_2018,positive regulation of blood circulation (GO:1903524),1/23,0.0238859289927226,0.0675936380569313,0,0,45.35681818181818,169.38348350725923,APELA
25,GO_Biological_Process_2018,"DNA catabolic process, endonucleolytic (GO:0000737)",1/22,0.0228588048336812,0.0675936380569313,0,0,47.51904761904762,179.54686782262274,DFFB
24,GO_Biological_Process_2018,positive regulation of receptor internalization (GO:0002092),1/21,0.0218306514950446,0.0675936380569313,0,0,49.8975,190.8300081149324,APELA
23,GO_Biological_Process_2018,heparan sulfate proteoglycan metabolic process (GO:0030201),1/20,0.0208014680109953,0.0675936380569313,0,0,52.526315789473685,203.4203291515269,EXT1
22,GO_Biological_Process_2018,cellular polysaccharide biosynthetic process (GO:0033692),1/19,0.0197712534056807,0.0675936380569313,0,0,55.44722222222222,217.54863156976407,EXT1
21,GO_Biological_Process_2018,positive regulation of heart contraction (GO:0045823),1/19,0.0197712534056807,0.0675936380569313,0,0,55.44722222222222,217.54863156976407,APELA
20,GO_Biological_Process_2018,DNA catabolic process (GO:0006308),1/17,0.0177077269512865,0.0675936380569313,0,0,62.384375,251.6432336564321,DFFB
19,GO_Biological_Process_2018,gastrulation (GO:0007369),1/17,0.0177077269512865,0.0675936380569313,0,0,62.384375,251.6432336564321,APELA
18,GO_Biological_Process_2018,positive regulation of signal transduction by p53 class mediator (GO:1901798),1/17,0.0177077269512865,0.0675936380569313,0,0,62.384375,251.6432336564321,PLA2R1
17,GO_Biological_Process_2018,embryonic heart tube development (GO:0035050),1/16,0.0166744131586755,0.0675936380569313,0,0,66.54666666666667,272.4340597931688,APELA
29,GO_Biological_Process_2018,proteoglycan biosynthetic process (GO:0030166),1/24,0.0249120249496479,0.0675936380569313,0,0,43.38260869565217,160.18614661402282,EXT1
15,GO_Biological_Process_2018,apoptotic DNA fragmentation (GO:0006309),1/15,0.0156400643604775,0.0675936380569313,0,0,71.30357142857143,296.4745049823623,DFFB
1,GO_Biological_Process_2018,positive regulation of trophoblast cell migration (GO:1901165),1/6,0.0062841913325394,0.0675936380569313,0,0,199.74,1012.6254955871668,APELA
2,GO_Biological_Process_2018,"heparan sulfate proteoglycan biosynthetic process, polysaccharide chain biosynthetic process (GO:0015014)",1/6,0.0062841913325394,0.0675936380569313,0,0,199.74,1012.6254955871668,EXT1
3,GO_Biological_Process_2018,coronary vasculature development (GO:0060976),1/6,0.0062841913325394,0.0675936380569313,0,0,199.74,1012.6254955871668,APELA
16,GO_Biological_Process_2018,endoderm development (GO:0007492),1/15,0.0156400643604775,0.0675936380569313,0,0,71.30357142857143,296.4745049823623,APELA
4,GO_Biological_Process_2018,negative regulation of phospholipase activity (GO:0010519),1/6,0.0062841913325394,0.0675936380569313,0,0,199.74,1012.6254955871668,PLA2R1
5,GO_Biological_Process_2018,positive regulation of blood vessel endothelial cell proliferation involved in sprouting angiogenesis (GO:1903589),1/7,0.0073278982772855,0.0675936380569313,0,0,166.44166666666666,818.2383072102982,APELA
7,GO_Biological_Process_2018,adult heart development (GO:0007512),1/9,0.0094121824505319,0.0675936380569313,0,0,124.81875,582.3731356633181,APELA
6,GO_Biological_Process_2018,stress-induced premature senescence (GO:0090400),1/8,0.0083705616816055,0.0675936380569313,0,0,142.65714285714284,682.3340060288631,PLA2R1
9,GO_Biological_Process_2018,regulation of blood vessel endothelial cell proliferation involved in sprouting angiogenesis (GO:1903587),1/11,0.0114922998030339,0.0675936380569313,0,0,99.845,445.9155629250324,APELA
10,GO_Biological_Process_2018,regulation of trophoblast cell migration (GO:1901163),1/11,0.0114922998030339,0.0675936380569313,0,0,99.845,445.9155629250324,APELA
11,GO_Biological_Process_2018,replicative senescence (GO:0090399),1/11,0.0114922998030339,0.0675936380569313,0,0,99.845,445.9155629250324,PLA2R1
12,GO_Biological_Process_2018,regulation of axon guidance (GO:1902667),1/13,0.0135682578861655,0.0675936380569313,0,0,83.19583333333334,357.74392971285124,ZSWIM6
13,GO_Biological_Process_2018,"positive regulation of DNA damage response, signal transduction by p53 class mediator (GO:0043517)",1/14,0.0146046795939876,0.0675936380569313,0,0,76.79230769230769,324.5560291468294,PLA2R1
14,GO_Biological_Process_2018,heparan sulfate proteoglycan biosynthetic process (GO:0015012),1/15,0.0156400643604775,0.0675936380569313,0,0,71.30357142857143,296.4745049823623,EXT1
8,GO_Biological_Process_2018,positive regulation of reproductive process (GO:2000243),1/10,0.0104527615118676,0.0675936380569313,0,0,110.94444444444444,506.0053047065427,APELA
33,GO_Biological_Process_2018,regulation of ERK1 and ERK2 cascade (GO:0070372),2/247,0.0273370301532908,0.0691466056818532,0,0,8.478625134264233,30.51892207137674,PTPRR;APELA
34,GO_Biological_Process_2018,positive regulation of sprouting angiogenesis (GO:1903672),1/28,0.0290061461687485,0.0712722448717822,0,0,36.94814814814815,130.8055903894323,APELA
35,GO_Biological_Process_2018,vasculogenesis (GO:0001570),1/32,0.0330838937893811,0.0790337462746328,0,0,32.174193548387095,109.67245370483884,APELA
36,GO_Biological_Process_2018,negative regulation of epithelial cell migration (GO:0010633),1/35,0.0361314966365463,0.0839813165065672,0,0,29.330882352941178,97.3958437550943,PTPRR
37,GO_Biological_Process_2018,positive regulation of multi-organism process (GO:0043902),1/37,0.0381581473785356,0.0863579124882649,0,0,27.698611111111116,90.46410657809346,APELA
38,GO_Biological_Process_2018,ERBB2 signaling pathway (GO:0038128),1/39,0.0401807395442246,0.0885596095432491,0,0,26.23815789473684,84.33908236365446,PTPRR
39,GO_Biological_Process_2018,negative regulation of ERK1 and ERK2 cascade (GO:0070373),1/40,0.0411905160666275,0.0885596095432491,0,0,25.56410256410257,81.53791281942478,PTPRR
40,GO_Biological_Process_2018,nucleobase-containing compound catabolic process (GO:0034655),1/43,0.0442137789372483,0.0927410972830087,0,0,23.73452380952381,74.02130556201558,DFFB
41,GO_Biological_Process_2018,regulation of cellular component movement (GO:0051270),1/46,0.0472279619376592,0.0939140395774018,0,0,22.148888888888887,67.61544465949056,ZSWIM6
42,GO_Biological_Process_2018,aminoglycan biosynthetic process (GO:0006023),1/46,0.0472279619376592,0.0939140395774018,0,0,22.148888888888887,67.61544465949056,EXT1
43,GO_Biological_Process_2018,regulation of epithelial cell migration (GO:0010632),1/48,0.0492323856769317,0.0939140395774018,0,0,21.20425531914893,63.85033051565917,PTPRR
44,GO_Biological_Process_2018,cellular macromolecule catabolic process (GO:0044265),1/48,0.0492323856769317,0.0939140395774018,0,0,21.20425531914893,63.85033051565917,DFFB
45,GO_Biological_Process_2018,positive regulation of response to DNA damage stimulus (GO:2001022),1/49,0.0502330909367498,0.0939140395774018,0,0,20.761458333333334,62.09920952085082,PLA2R1
114,GO_Biological_Process_2017b,"positive regulation of DNA damage response, signal transduction by p53 class mediator resulting in transcription of p21 class mediator (GO:1902164)",1/13,0.0135682578861655,0.0973645306265844,0,0,83.19583333333334,357.74392971285124,PLA2R1
113,GO_Biological_Process_2017b,"heparan sulfate proteoglycan biosynthetic process, enzymatic modification (GO:0015015)",1/13,0.0135682578861655,0.0973645306265844,0,0,83.19583333333334,357.74392971285124,EXT1
112,GO_Biological_Process_2017b,"heparan sulfate proteoglycan biosynthetic process, linkage to polypeptide (GO:0015013)",1/13,0.0135682578861655,0.0973645306265844,0,0,83.19583333333334,357.74392971285124,EXT1
111,GO_Biological_Process_2017b,lipopolysaccharide biosynthetic process (GO:0009103),1/12,0.0125307982775315,0.0973645306265844,0,0,90.76363636363637,397.5053179562565,EXT1
110,GO_Biological_Process_2017b,apoptotic chromosome condensation (GO:0030263),1/12,0.0125307982775315,0.0973645306265844,0,0,90.76363636363637,397.5053179562565,DFFB
102,GO_Biological_Process_2017b,endoderm development (GO:0007492),1/6,0.0062841913325394,0.0973645306265844,0,0,199.74,1012.6254955871668,APELA
108,GO_Biological_Process_2017b,mesendoderm migration (GO:0090133),1/9,0.0094121824505319,0.0973645306265844,0,0,124.81875,582.3731356633181,APELA
107,GO_Biological_Process_2017b,"chondroitin sulfate proteoglycan biosynthetic process, polysaccharide chain biosynthetic process (GO:0050653)",1/9,0.0094121824505319,0.0973645306265844,0,0,124.81875,582.3731356633181,EXT1
115,GO_Biological_Process_2017b,"DNA catabolic process, exonucleolytic (GO:0000738)",1/14,0.0146046795939876,0.0973645306265844,0,0,76.79230769230769,324.5560291468294,DFFB
103,GO_Biological_Process_2017b,cellular polysaccharide biosynthetic process (GO:0033692),1/7,0.0073278982772855,0.0973645306265844,0,0,166.44166666666666,818.2383072102982,EXT1
104,GO_Biological_Process_2017b,"heparan sulfate proteoglycan biosynthetic process, polysaccharide chain biosynthetic process (GO:0015014)",1/7,0.0073278982772855,0.0973645306265844,0,0,166.44166666666666,818.2383072102982,EXT1
109,GO_Biological_Process_2017b,replicative senescence (GO:0090399),1/10,0.0104527615118676,0.0973645306265844,0,0,110.94444444444444,506.0053047065427,PLA2R1
116,GO_Biological_Process_2017b,"DNA catabolic process, endonucleolytic (GO:0000737)",1/14,0.0146046795939876,0.0973645306265844,0,0,76.79230769230769,324.5560291468294,DFFB
106,GO_Biological_Process_2017b,poly-N-acetyllactosamine biosynthetic process (GO:0030311),1/8,0.0083705616816055,0.0973645306265844,0,0,142.65714285714284,682.3340060288631,EXT1
105,GO_Biological_Process_2017b,6-alpha-maltosylglucose biosynthetic process (GO:0051680),1/8,0.0083705616816055,0.0973645306265844,0,0,142.65714285714284,682.3340060288631,EXT1
117,GO_Biological_Process_2017b,endoderm formation (GO:0001706),1/15,0.0156400643604775,0.0977504022529847,0,0,71.30357142857143,296.4745049823623,APELA
118,GO_Biological_Process_2017b,negative regulation of keratinocyte migration (GO:0051548),1/16,0.0166744131586755,0.0980847832863266,0,0,66.54666666666667,272.4340597931688,PTPRR
46,GO_Biological_Process_2018,embryonic organ development (GO:0048568),1/53,0.0542258902012346,0.0992218416448123,0,0,19.160576923076924,55.84535629343883,APELA
47,GO_Biological_Process_2018,regulation of axonogenesis (GO:0050770),1/55,0.0562162901092688,0.1004093762799478,0,0,18.449074074074076,53.10655827493159,ZSWIM6
48,GO_Biological_Process_2018,chordate embryonic development (GO:0043009),1/56,0.0572099934618307,0.1004093762799478,0,0,18.112727272727277,51.82099606513529,PTPRR
119,GO_Biological_Process_2017b,negative regulation of border follicle cell migration (GO:1903687),1/18,0.0187400067082949,0.1041111483794163,0,0,58.71176470588235,233.50224496360525,PTPRR
49,GO_Biological_Process_2018,glycosaminoglycan metabolic process (GO:0030203),1/61,0.0621635821435319,0.1048248640067401,0,0,16.599166666666665,46.11225172844932,EXT1
50,GO_Biological_Process_2018,regulation of vesicle fusion (GO:0031338),1/61,0.0621635821435319,0.1048248640067401,0,0,16.599166666666665,46.11225172844932,TBC1D1
121,GO_Biological_Process_2017b,apoptotic DNA fragmentation (GO:0006309),1/21,0.0218306514950446,0.1091532574752234,0,0,49.8975,190.8300081149324,DFFB
120,GO_Biological_Process_2017b,heparan sulfate proteoglycan biosynthetic process (GO:0015012),1/20,0.0208014680109953,0.1091532574752234,0,0,52.526315789473685,203.4203291515269,EXT1
51,GO_Biological_Process_2018,positive regulation of endothelial cell proliferation (GO:0001938),1/67,0.0680751716652813,0.1125858608310422,0,0,15.08560606060606,40.537176483196006,APELA
122,GO_Biological_Process_2017b,DNA catabolic process (GO:0006308),1/23,0.0238859289927226,0.1137425190129651,0,0,45.35681818181818,169.38348350725923,DFFB
123,GO_Biological_Process_2017b,in utero embryonic development (GO:0001701),1/25,0.0259370936730085,0.117895880331857,0,0,41.57291666666666,151.8276651730302,PTPRR
124,GO_Biological_Process_2017b,"positive regulation of DNA damage response, signal transduction by p53 class mediator (GO:0043517)",1/27,0.0279841533165139,0.1216702318109303,0,0,38.371153846153845,137.21973105106596,PLA2R1
52,GO_Biological_Process_2018,ERBB signaling pathway (GO:0038127),1/80,0.0807621045750476,0.1286211295084093,0,0,12.59493670886076,31.691977077519997,PTPRR
53,GO_Biological_Process_2018,negative regulation of MAPK cascade (GO:0043409),1/80,0.0807621045750476,0.1286211295084093,0,0,12.59493670886076,31.691977077519997,PTPRR
54,GO_Biological_Process_2018,activation of GTPase activity (GO:0090630),1/84,0.0846325675053562,0.1323345600992842,0,0,11.9855421686747,29.59753084206102,TBC1D1
126,GO_Biological_Process_2017b,galactosaminoglycan biosynthetic process (GO:0006025),1/37,0.0381581473785356,0.140664269424436,0,0,27.698611111111116,90.46410657809346,EXT1
127,GO_Biological_Process_2017b,peptidoglycan biosynthetic process (GO:0009252),1/37,0.0381581473785356,0.140664269424436,0,0,27.698611111111116,90.46410657809346,EXT1
125,GO_Biological_Process_2017b,negative regulation of endothelial cell migration (GO:0010596),1/34,0.0351166468802889,0.140664269424436,0,0,30.221212121212123,101.21325681429822,PTPRR
129,GO_Biological_Process_2017b,ERBB2-ERBB3 signaling pathway (GO:0038133),1/39,0.0401807395442246,0.140664269424436,0,0,26.23815789473684,84.33908236365446,PTPRR
130,GO_Biological_Process_2017b,heparin biosynthetic process (GO:0030210),1/40,0.0411905160666275,0.140664269424436,0,0,25.56410256410257,81.53791281942478,EXT1
131,GO_Biological_Process_2017b,ERBB2 signaling pathway (GO:0038128),1/41,0.0421992808273308,0.140664269424436,0,0,24.92375,78.89244440466216,PTPRR
128,GO_Biological_Process_2017b,ERBB2-ERBB4 signaling pathway (GO:0038135),1/38,0.0391699503023247,0.140664269424436,0,0,26.94864864864865,87.3094553625357,PTPRR
147,GO_Biological_Process_2017b,cell migration involved in heart development (GO:0060973),1/79,0.0797920563372017,0.1419822588773287,0,0,12.757051282051282,32.25405235991582,APELA
146,GO_Biological_Process_2017b,ERBB2-EGFR signaling pathway (GO:0038134),1/73,0.0739512622360922,0.1419822588773287,0,0,13.824305555555556,36.00331664229168,PTPRR
145,GO_Biological_Process_2017b,regulation of SNARE complex assembly (GO:0035542),1/70,0.0710176416438346,0.1419822588773287,0,0,14.42753623188406,38.15833677729338,TBC1D1
144,GO_Biological_Process_2017b,keratan sulfate biosynthetic process (GO:0018146),1/65,0.0661085961878234,0.1419822588773287,0,0,15.55859375,42.26424300406644,EXT1
143,GO_Biological_Process_2017b,negative regulation of ERK1 and ERK2 cascade (GO:0070373),1/63,0.0641380688592212,0.1419822588773287,0,0,16.06209677419355,44.11803737146453,PTPRR
142,GO_Biological_Process_2017b,regulation of synaptic vesicle fusion to presynaptic active zone membrane (GO:0031630),1/60,0.061174851663758,0.1419822588773287,0,0,16.88135593220339,47.16683081464229,TBC1D1
141,GO_Biological_Process_2017b,chondroitin sulfate biosynthetic process (GO:0030206),1/59,0.0601851284985257,0.1419822588773287,0,0,17.173275862068966,48.26257221767156,EXT1
140,GO_Biological_Process_2017b,regulation of vesicle fusion (GO:0031338),1/58,0.0591944117085175,0.1419822588773287,0,0,17.475438596491227,49.40180909866319,TBC1D1
139,GO_Biological_Process_2017b,positive regulation of vesicle fusion (GO:0031340),1/57,0.0582027003452913,0.1419822588773287,0,0,17.788392857142856,50.58705012596907,TBC1D1
153,GO_Biological_Process_2017b,coronary vasculature development (GO:0060976),1/80,0.0807621045750476,0.1419822588773287,0,0,12.59493670886076,31.691977077519997,APELA
151,GO_Biological_Process_2017b,cardiocyte differentiation (GO:0035051),1/80,0.0807621045750476,0.1419822588773287,0,0,12.59493670886076,31.691977077519997,APELA
150,GO_Biological_Process_2017b,cell surface receptor signaling pathway involved in heart development (GO:0061311),1/79,0.0797920563372017,0.1419822588773287,0,0,12.757051282051282,32.25405235991582,APELA
138,GO_Biological_Process_2017b,negative regulation of vesicle fusion (GO:0031339),1/52,0.0532291917431674,0.1419822588773287,0,0,19.537254901960782,57.30566631783699,TBC1D1
137,GO_Biological_Process_2017b,dermatan sulfate biosynthetic process (GO:0030208),1/51,0.0522314930213008,0.1419822588773287,0,0,19.929,58.83179608335473,EXT1
136,GO_Biological_Process_2017b,chondroitin sulfate proteoglycan biosynthetic process (GO:0050650),1/50,0.0512327930672156,0.1419822588773287,0,0,20.336734693877556,60.42807445408675,EXT1
135,GO_Biological_Process_2017b,regulation of endosomal vesicle fusion (GO:1905364),1/49,0.0502330909367498,0.1419822588773287,0,0,20.761458333333334,62.09920952085082,TBC1D1
134,GO_Biological_Process_2017b,regulation of Golgi vesicle fusion to target membrane (GO:0048214),1/49,0.0502330909367498,0.1419822588773287,0,0,20.761458333333334,62.09920952085082,TBC1D1
133,GO_Biological_Process_2017b,glycosaminoglycan biosynthetic process (GO:0006024),1/48,0.0492323856769317,0.1419822588773287,0,0,21.20425531914893,63.85033051565917,EXT1
132,GO_Biological_Process_2017b,hyaluronan biosynthetic process (GO:0030213),1/43,0.0442137789372483,0.1419822588773287,0,0,23.73452380952381,74.02130556201558,EXT1
149,GO_Biological_Process_2017b,larval heart development (GO:0007508),1/79,0.0797920563372017,0.1419822588773287,0,0,12.757051282051282,32.25405235991582,APELA
152,GO_Biological_Process_2017b,cardiac skeleton development (GO:0003204),1/80,0.0807621045750476,0.1419822588773287,0,0,12.59493670886076,31.691977077519997,APELA
148,GO_Biological_Process_2017b,heart development (GO:0007507),1/79,0.0797920563372017,0.1419822588773287,0,0,12.757051282051282,32.25405235991582,APELA
155,GO_Biological_Process_2017b,peptidyl-N-phospho-arginine dephosphorylation (GO:0098628),1/83,0.0836664094246832,0.1419822588773287,0,0,12.132317073170732,30.099280206798262,PTPRR
157,GO_Biological_Process_2017b,endocardial cushion development (GO:0003197),1/84,0.0846325675053562,0.1419822588773287,0,0,11.9855421686747,29.59753084206102,APELA
156,GO_Biological_Process_2017b,peptidyl-histidine dephosphorylation (GO:0035971),1/83,0.0836664094246832,0.1419822588773287,0,0,12.132317073170732,30.099280206798262,PTPRR
164,GO_Biological_Process_2017b,embryonic heart tube anterior/posterior pattern specification (GO:0035054),1/89,0.0894488230927171,0.1419822588773287,0,0,11.301704545454545,27.283316400604782,APELA
163,GO_Biological_Process_2017b,peptidyl-threonine dephosphorylation (GO:0035970),1/89,0.0894488230927171,0.1419822588773287,0,0,11.301704545454545,27.283316400604782,PTPRR
162,GO_Biological_Process_2017b,peptidyl-serine dephosphorylation (GO:0070262),1/88,0.0884875068847429,0.1419822588773287,0,0,11.432183908045976,27.72183304604507,PTPRR
154,GO_Biological_Process_2017b,pericardium development (GO:0060039),1/83,0.0836664094246832,0.1419822588773287,0,0,12.132317073170732,30.099280206798262,APELA
158,GO_Biological_Process_2017b,regulation of translational initiation by eIF2 alpha dephosphorylation (GO:0036496),1/84,0.0846325675053562,0.1419822588773287,0,0,11.9855421686747,29.59753084206102,PTPRR
160,GO_Biological_Process_2017b,oxidative stress-induced premature senescence (GO:0090403),1/86,0.0865619739356447,0.1419822588773287,0,0,11.702352941176471,28.634424919991112,PLA2R1
159,GO_Biological_Process_2017b,adult heart development (GO:0007512),1/86,0.0865619739356447,0.1419822588773287,0,0,11.702352941176471,28.634424919991112,APELA
161,GO_Biological_Process_2017b,cardiac muscle tissue development (GO:0048738),1/87,0.0875252241255187,0.1419822588773287,0,0,11.565697674418605,28.17205314298374,APELA
165,GO_Biological_Process_2017b,histone dephosphorylation (GO:0016576),1/92,0.0923269818337703,0.1428009830428001,0,0,10.927472527472528,26.033816561078613,PTPRR
166,GO_Biological_Process_2017b,negative regulation of epithelial cell migration (GO:0010633),1/95,0.0951964749969455,0.1428009830428001,0,0,10.577127659574469,24.87541961822744,PTPRR
167,GO_Biological_Process_2017b,embryonic heart tube development (GO:0035050),1/95,0.0951964749969455,0.1428009830428001,0,0,10.577127659574469,24.87541961822744,APELA
168,GO_Biological_Process_2017b,heart morphogenesis (GO:0003007),1/96,0.0961510513071087,0.1428009830428001,0,0,10.465263157894736,24.507918218027072,APELA
169,GO_Biological_Process_2017b,peptidyl-tyrosine dephosphorylation (GO:0035335),1/97,0.0971046684691041,0.1428009830428001,0,0,10.355729166666666,24.149206518519108,PTPRR
55,GO_Biological_Process_2018,regulation of heart contraction (GO:0008016),1/95,0.0951964749969455,0.146194586602452,0,0,10.577127659574469,24.87541961822744,APELA
170,GO_Biological_Process_2017b,skeletal system development (GO:0001501),1/103,0.1028062799694966,0.1468661142421381,0,0,9.743627450980393,22.165864208548346,EXT1
171,GO_Biological_Process_2017b,determination of heart left/right asymmetry (GO:0061371),1/103,0.1028062799694966,0.1468661142421381,0,0,9.743627450980393,22.165864208548346,APELA
56,GO_Biological_Process_2018,glycosaminoglycan biosynthetic process (GO:0006024),1/99,0.0990090289156653,0.1493820436271442,0,0,10.143367346938776,23.45698564957499,EXT1
58,GO_Biological_Process_2018,positive regulation of vasculature development (GO:1904018),1/104,0.1037532085119379,0.1512334903733332,0,0,9.648543689320388,21.86109325946267,APELA
57,GO_Biological_Process_2018,positive regulation of angiogenesis (GO:0045766),1/103,0.1028062799694966,0.1512334903733332,0,0,9.743627450980393,22.165864208548346,APELA
61,GO_Biological_Process_2018,positive regulation of developmental process (GO:0051094),1/113,0.1122328400692902,0.1533310105104998,0,0,8.869196428571428,19.398525820511637,APELA
60,GO_Biological_Process_2018,regulation of organelle organization (GO:0033043),1/113,0.1122328400692902,0.1533310105104998,0,0,8.869196428571428,19.398525820511637,TBC1D1
63,GO_Biological_Process_2018,cellular response to oxidative stress (GO:0034599),1/115,0.1141067985194417,0.1533310105104998,0,0,8.712719298245615,18.912006596930848,PLA2R1
62,GO_Biological_Process_2018,epithelium development (GO:0060429),1/115,0.1141067985194417,0.1533310105104998,0,0,8.712719298245615,18.912006596930848,APELA
59,GO_Biological_Process_2018,circulatory system development (GO:0072359),1/109,0.1084735913048713,0.1533310105104998,0,0,9.199537037037038,20.434458154601074,APELA
64,GO_Biological_Process_2018,negative regulation of cell migration (GO:0030336),1/121,0.1197060966038443,0.1538280995474659,0,0,8.274583333333334,17.564588245150347,PTPRR
66,GO_Biological_Process_2018,dephosphorylation (GO:0016311),1/124,0.1224930903597215,0.1538280995474659,0,0,8.071544715447155,16.947827732464113,PTPRR
65,GO_Biological_Process_2018,sulfur compound biosynthetic process (GO:0044272),1/122,0.1206360298541711,0.1538280995474659,0,0,8.205785123966942,17.355049137018337,EXT1
67,GO_Biological_Process_2018,protein dephosphorylation (GO:0006470),1/125,0.1234202194043621,0.1538280995474659,0,0,8.006048387096774,16.749936822620242,PTPRR
68,GO_Biological_Process_2018,negative regulation of multicellular organismal process (GO:0051241),1/125,0.1234202194043621,0.1538280995474659,0,0,8.006048387096774,16.749936822620242,PTPRR
172,GO_Biological_Process_2017b,skeletal system morphogenesis (GO:0048705),1/110,0.1094148222300511,0.1541053834226072,0,0,9.114678899082568,20.16721975855724,EXT1
173,GO_Biological_Process_2017b,embryonic skeletal system development (GO:0048706),1/112,0.1112944457116924,0.1545756190440173,0,0,8.94954954954955,19.64941553688831,EXT1
188,GO_Biological_Process_2017b,protein exit from endoplasmic reticulum (GO:0032527),1/140,0.1372156983485178,0.1577191935040435,0,0,7.136690647482014,14.174903176831886,TBC1D1
182,GO_Biological_Process_2017b,endocytosed protein transport to vacuole (GO:0007038),1/137,0.1344732518575936,0.1577191935040435,0,0,7.295220588235294,14.637057422023762,TBC1D1
186,GO_Biological_Process_2017b,establishment of protein localization to mast cell secretory granule (GO:0033369),1/137,0.1344732518575936,0.1577191935040435,0,0,7.295220588235294,14.637057422023762,TBC1D1
185,GO_Biological_Process_2017b,polyubiquitinated protein transport (GO:0070844),1/137,0.1344732518575936,0.1577191935040435,0,0,7.295220588235294,14.637057422023762,TBC1D1
184,GO_Biological_Process_2017b,protein transport along microtubule (GO:0098840),1/137,0.1344732518575936,0.1577191935040435,0,0,7.295220588235294,14.637057422023762,TBC1D1
183,GO_Biological_Process_2017b,misfolded protein transport (GO:0070843),1/137,0.1344732518575936,0.1577191935040435,0,0,7.295220588235294,14.637057422023762,TBC1D1
181,GO_Biological_Process_2017b,intracellular protein transport in other organism involved in symbiotic interaction (GO:0051708),1/137,0.1344732518575936,0.1577191935040435,0,0,7.295220588235294,14.637057422023762,TBC1D1
180,GO_Biological_Process_2017b,protein transport within lipid bilayer (GO:0032594),1/137,0.1344732518575936,0.1577191935040435,0,0,7.295220588235294,14.637057422023762,TBC1D1
178,GO_Biological_Process_2017b,protein-DNA complex transport (GO:0015869),1/137,0.1344732518575936,0.1577191935040435,0,0,7.295220588235294,14.637057422023762,TBC1D1
177,GO_Biological_Process_2017b,microtubule polymerization based protein transport (GO:0099112),1/137,0.1344732518575936,0.1577191935040435,0,0,7.295220588235294,14.637057422023762,TBC1D1
176,GO_Biological_Process_2017b,protein homotrimerization (GO:0070207),1/126,0.1243464154946168,0.1577191935040435,0,0,7.9416,16.555725938880098,DFFB
175,GO_Biological_Process_2017b,cartilage development (GO:0051216),1/121,0.1197060966038443,0.1577191935040435,0,0,8.274583333333334,17.564588245150347,EXT1
174,GO_Biological_Process_2017b,bone development (GO:0060348),1/118,0.1169106740435162,0.1577191935040435,0,0,8.488034188034188,18.218250634713392,EXT1
187,GO_Biological_Process_2017b,intracellular protein transmembrane transport (GO:0065002),1/139,0.1363024703600986,0.1577191935040435,0,0,7.188768115942029,14.32634369148172,TBC1D1
179,GO_Biological_Process_2017b,establishment of protein localization to T cell secretory granule (GO:0033376),1/137,0.1344732518575936,0.1577191935040435,0,0,7.295220588235294,14.637057422023762,TBC1D1
189,GO_Biological_Process_2017b,protein homooligomerization (GO:0051260),1/150,0.1462975417709202,0.1662472065578639,0,0,6.654362416107382,12.790435001206433,DFFB
69,GO_Biological_Process_2018,regulation of vesicle-mediated transport (GO:0060627),1/138,0.1353883218313537,0.1663342239642345,0,0,7.241605839416058,14.480374212167852,TBC1D1
191,GO_Biological_Process_2017b,protein targeting (GO:0006605),1/156,0.1517028686098495,0.1685587428998328,0,0,6.394838709677419,12.059588167745032,TBC1D1
190,GO_Biological_Process_2017b,protein transport to vacuole involved in ubiquitin-dependent protein catabolic process via the multivesicular body sorting pathway (GO:0043328),1/156,0.1517028686098495,0.1685587428998328,0,0,6.394838709677419,12.059588167745032,TBC1D1
70,GO_Biological_Process_2018,skeletal system development (GO:0001501),1/146,0.1426757841870775,0.1728185554942066,0,0,6.839310344827586,13.31737150611854,EXT1
71,GO_Biological_Process_2018,heart development (GO:0007507),1/149,0.1453934709101153,0.1736644235870821,0,0,6.699662162162162,12.91903639216618,APELA
192,GO_Biological_Process_2017b,protein export from nucleus (GO:0006611),1/168,0.1624158954625528,0.1784790060028053,0,0,5.931736526946108,10.781494519707143,TBC1D1
193,GO_Biological_Process_2017b,protein homotetramerization (GO:0051289),1/173,0.1668415199144423,0.181349478167872,0,0,5.757848837209302,10.310642671515756,DFFB
194,GO_Biological_Process_2017b,activation of GTPase activity (GO:0090630),1/182,0.1747515796250416,0.1879049243280017,0,0,5.469060773480663,9.540174149145807,TBC1D1
196,GO_Biological_Process_2017b,intracellular protein transport (GO:0006886),1/188,0.1799851620279385,0.1894580652925669,0,0,5.2919786096256685,9.075112853878617,TBC1D1
195,GO_Biological_Process_2017b,protein dephosphorylation (GO:0006470),1/186,0.1782441568346252,0.1894580652925669,0,0,5.34972972972973,9.226149246738355,PTPRR
197,GO_Biological_Process_2017b,"protein import into nucleus, translocation (GO:0000060)",1/198,0.1886376234670404,0.1964975244448338,0,0,5.020812182741117,8.374350413278753,TBC1D1
198,GO_Biological_Process_2017b,endosome to plasma membrane protein transport (GO:0099638),1/203,0.1929311795245241,0.1988981232211589,0,0,4.89529702970297,8.054828139015637,TBC1D1
72,GO_Biological_Process_2018,regulation of angiogenesis (GO:0045765),1/177,0.1703659755343261,0.2007051218623568,0,0,5.625852272727273,9.95666912492263,APELA
89,KEGG_2019_Human,Phagosome,1/152,0.1481029516923407,0.200810019798651,0,0,6.565562913907285,12.539224754369256,PLA2R1
88,KEGG_2019_Human,Apoptosis,1/143,0.1399498678745123,0.200810019798651,0,0,6.984859154929578,13.735523016928296,DFFB
87,KEGG_2019_Human,AMPK signaling pathway,1/120,0.11877522680649,0.200810019798651,0,0,8.344537815126051,17.778224919386975,TBC1D1
86,KEGG_2019_Human,Glycosaminoglycan biosynthesis,1/53,0.0542258902012346,0.200810019798651,0,0,19.160576923076924,55.84535629343883,EXT1
91,KEGG_2019_Human,Tuberculosis,1/179,0.1721228741131294,0.200810019798651,0,0,5.562078651685393,9.786736985653446,PLA2R1
90,KEGG_2019_Human,Tight junction,1/170,0.1641888252191418,0.200810019798651,0,0,5.8609467455621305,10.589196022843472,ACTR3B
99,WikiPathways_2019_Human,EGF/EGFR Signaling Pathway WP437,1/162,0.157075590859077,0.2019543311045275,0,0,6.154658385093168,11.392445734037713,PTPRR
98,WikiPathways_2019_Human,Mesodermal Commitment Pathway WP2857,1/147,0.1435825929715242,0.2019543311045275,0,0,6.792123287671233,13.182457493775674,EXT1
97,WikiPathways_2019_Human,Endoderm Differentiation WP2853,1/141,0.1381280066699889,0.2019543311045275,0,0,7.085357142857143,14.025991892606738,EXT1
94,WikiPathways_2019_Human,Apoptosis WP254,1/84,0.0846325675053562,0.2019543311045275,0,0,11.9855421686747,29.59753084206102,DFFB
96,WikiPathways_2019_Human,Apoptosis Modulation and Signaling WP1772,1/91,0.0913685596546413,0.2019543311045275,0,0,11.049444444444443,26.43970563474231,DFFB
95,WikiPathways_2019_Human,Viral Acute Myocarditis WP4298,1/84,0.0846325675053562,0.2019543311045275,0,0,11.9855421686747,29.59753084206102,DFFB
93,WikiPathways_2019_Human,Fas Ligand (FasL) pathway and Stress induction of Heat Shock Proteins (HSP) regulation WP314,1/42,0.0432070348019609,0.2019543311045275,0,0,24.314634146341465,76.39054934861029,DFFB
74,GO_Biological_Process_2018,positive regulation of GTPase activity (GO:0043547),1/192,0.1834566393330816,0.2103636131019336,0,0,5.180104712041885,8.784302103596882,TBC1D1
73,GO_Biological_Process_2018,protein homooligomerization (GO:0051260),1/190,0.1817226539464767,0.2103636131019336,0,0,5.235449735449736,8.927874393929214,DFFB
76,GO_Biological_Process_2018,positive regulation of multicellular organismal process (GO:0051240),1/202,0.1920742031794825,0.2145244347199415,0,0,4.919900497512438,8.11721348656106,APELA
75,GO_Biological_Process_2018,positive regulation of ERK1 and ERK2 cascade (GO:0070374),1/201,0.1912163602388663,0.2145244347199415,0,0,4.94475,8.180345757808022,APELA
199,GO_Biological_Process_2017b,protein import into nucleus (GO:0006606),1/224,0.210728965952152,0.2150295570940326,0,0,4.429596412556053,6.897689983646183,TBC1D1
77,GO_Biological_Process_2018,protein oligomerization (GO:0051259),1/217,0.2048383204702549,0.2258473789800246,0,0,4.574768518518519,7.253452362466595,DFFB
78,GO_Biological_Process_2018,positive regulation of cell migration (GO:0030335),1/221,0.2082095107694659,0.2266584547616971,0,0,4.490681818181818,7.04682480490113,APELA
100,WikiPathways_2019_Human,MAPK Signaling Pathway WP382,1/246,0.2289730544900439,0.2575946863012994,0,0,4.02734693877551,5.936917309063627,PTPRR
92,KEGG_2019_Human,MAPK signaling pathway,1/295,0.2681749267086405,0.2681749267086405,0,0,3.3477891156462585,4.40607814948526,PTPRR
101,WikiPathways_2019_Human,Focal Adhesion-PI3K-Akt-mTOR-signaling pathway WP3932,1/303,0.2743921557054228,0.2743921557054228,0,0,3.2577814569536425,4.2129531110692096,TBC1D1
79,GO_Biological_Process_2018,positive regulation of MAPK cascade (GO:0043410),1/289,0.2634787454745708,0.2832396513851636,0,0,3.418576388888889,4.55963762424092,APELA
80,GO_Biological_Process_2018,DNA metabolic process (GO:0006259),1/314,0.2828587553638559,0.3003191723616248,0,0,3.1415335463258787,3.967152449213931,DFFB
82,GO_Biological_Process_2018,cellular protein localization (GO:0034613),1/327,0.2927434455404015,0.303324533933428,0,0,3.014263803680981,3.702898491325541,TBC1D1
81,GO_Biological_Process_2018,protein transport (GO:0015031),1/326,0.2919877153771668,0.303324533933428,0,0,3.023692307692308,3.7222969072021455,TBC1D1
83,GO_Biological_Process_2018,intracellular protein transport (GO:0006886),1/347,0.3076976908673611,0.315023826364203,0,0,2.8371387283236995,3.343958101240429,TBC1D1
84,GO_Biological_Process_2018,cellular macromolecule biosynthetic process (GO:0034645),1/367,0.3223504956478225,0.3261428544201498,0,0,2.679371584699453,3.0333589844697326,EXT1
200,GO_Biological_Process_2017b,regulation of transcription from RNA polymerase II promoter involved in heart development (GO:1901213),1/378,0.330283147125664,0.3336193405309737,0,0,2.59973474801061,2.879999076656498,APELA
201,GO_Biological_Process_2017b,dephosphorylation of RNA polymerase II C-terminal domain (GO:0070940),1/387,0.3367076382585173,0.3367076382585173,0,0,2.537953367875648,2.762664437771775,PTPRR
85,GO_Biological_Process_2018,cellular protein modification process (GO:0006464),1/1001,0.6600020205770708,0.6600020205770708,0,0,0.94895,0.3943004753600345,PTPRR
